book_author,book_href,book_publish_date,book_publisher,book_rating_counting,book_rating_nums,book_src,book_title
[英] 吉米·哈利,https://book.douban.com/subject/10519369/,2012-3,中国城市出版社,762人评价,9.4,https://img1.doubanio.com/lpic/s8869768.jpg,万物生光辉
(巴西)若泽•毛罗•德瓦斯康塞洛斯,https://book.douban.com/subject/4826530/,2010年6月,天天出版社,2918人评价,9.1,https://img1.doubanio.com/lpic/s4386309.jpg,我亲爱的甜橙树
(美)马里奥·普佐,https://book.douban.com/subject/25762009/,2014-4-1,江苏文艺出版社,6636人评价,9.1,https://img3.doubanio.com/lpic/s27227804.jpg,教父
罗伯特·麦基,https://book.douban.com/subject/25976544/,2014-9-1,天津人民出版社,2540人评价,9.2,https://img1.doubanio.com/lpic/s27598249.jpg,故事
(意)卡尔维诺,https://book.douban.com/subject/6789605/,2012-4,译林出版社,9096人评价,9.0,https://img1.doubanio.com/lpic/s8972078.jpg,树上的男爵
盐野七生,https://book.douban.com/subject/7064370/,2011-12,中信出版社,1812人评价,9.2,https://img1.doubanio.com/lpic/s7019107.jpg,罗马人的故事2
(法)儒勒·凡尔纳,https://book.douban.com/subject/2215160/,1979,中国青年出版社,2446人评价,9.2,https://img1.doubanio.com/lpic/s2660498.jpg,神秘岛（全三册）
阿加莎・克里斯蒂,https://book.douban.com/subject/1215310/,1998-10-1,贵州人民出版社,1508人评价,9.0,https://img1.doubanio.com/lpic/s26384097.jpg,罗杰・艾克罗伊德谋杀案
萧红,https://book.douban.com/subject/1136074/,2003-01-01,中国青年出版社,1494人评价,9.0,https://img3.doubanio.com/lpic/s1934734.jpg,呼兰河传
白先勇,https://book.douban.com/subject/5337254/,2010.10,广西师范大学出版社,4635人评价,9.0,https://img3.doubanio.com/lpic/s6240330.jpg,孽子
章詒和,https://book.douban.com/subject/4315361/,2004-3-1,牛津大學出版社,2457人评价,9.0,https://img3.doubanio.com/lpic/s7048971.jpg,最後的貴族
木心,https://book.douban.com/subject/3339812/,2009-1,广西师范大学出版社,1663人评价,9.3,https://img1.doubanio.com/lpic/s6497767.jpg,木心作品八种
史铁生,https://book.douban.com/subject/1311280/,2005-4,百花文艺出版社,2634人评价,9.0,https://img3.doubanio.com/lpic/s1319265.jpg,灵魂的事
[英] 吉米·哈利,https://book.douban.com/subject/4882023/,2010-7,中国城市出版社,2490人评价,9.2,https://img3.doubanio.com/lpic/s4404535.jpg,万物既聪慧又奇妙
[法] 阿尔贝·加缪,https://book.douban.com/subject/4908885/,2010-9,上海译文出版社,22022人评价,9.0,https://img3.doubanio.com/lpic/s4468484.jpg,局外人
[德]赫尔曼·黑塞,https://book.douban.com/subject/4908883/,2010.9,上海译文出版社,2410人评价,9.0,https://img3.doubanio.com/lpic/s4477292.jpg,荒原狼
(奥)劳伦兹,https://book.douban.com/subject/1024846/,1998-07-01,中国和平出版社,1220人评价,9.2,https://img3.doubanio.com/lpic/s1032614.jpg,所罗门王的指环
一行禅师,https://book.douban.com/subject/2122992/,2007-6,线装书局,1178人评价,9.0,https://img1.doubanio.com/lpic/s4051707.jpg,故道白云
冯友兰,https://book.douban.com/subject/3410709/,2009-5,生活·读书·新知三联书店,1780人评价,9.2,https://img3.doubanio.com/lpic/s3825683.jpg,中国哲学简史
（美）保罗·萨缪尔森,https://book.douban.com/subject/2983683/,2008-1-1,人民邮电出版社,1101人评价,9.3,https://img5.doubanio.com/lpic/s3297116.jpg,经济学
[美] 查尔斯·舒尔茨,https://book.douban.com/subject/1016845/,2001-1,希望出版社,1661人评价,9.1,https://img3.doubanio.com/lpic/s1913020.jpg,史努比黄金50年
鲁兵主编,https://book.douban.com/subject/1483522/,1981-04,少年儿童出版社,4593人评价,9.2,https://img5.doubanio.com/lpic/s11191366.jpg,365夜
刘义庆,https://book.douban.com/subject/2281861/,2007-9,中华书局,1174人评价,9.0,https://img3.doubanio.com/lpic/s23925082.jpg,世说新语
[美] 艾萨克·阿西莫夫,https://book.douban.com/subject/10604915/,2012-7,江苏文艺出版社,3331人评价,9.2,https://img3.doubanio.com/lpic/s10393872.jpg,银河帝国3：第二基地
Peter Van Der Linden,https://book.douban.com/subject/2377310/,2008-2,人民邮电出版社,1722人评价,9.2,https://img5.doubanio.com/lpic/s5886086.jpg,C专家编程
W.Richard Stevens,https://book.douban.com/subject/1088054/,2000-4-1,机械工业出版社,1782人评价,9.2,https://img5.doubanio.com/lpic/s1543906.jpg,TCP/IP详解 卷1：协议
（美）艾萨克·阿西莫夫,https://book.douban.com/subject/1258488/,2005-01,天地出版社,2402人评价,9.0,https://img3.doubanio.com/lpic/s3001864.jpg,基地前传2·迈向基地（上下）
[英] 奈杰尔·巴利,https://book.douban.com/subject/1129216/,2003-8,上海人民出版社,1424人评价,9.0,https://img5.doubanio.com/lpic/s1101376.jpg,天真的人类学家
三毛,https://book.douban.com/subject/2068249/,2007-5,北京十月文艺出版社,7593人评价,9.0,https://img1.doubanio.com/lpic/s2391798.jpg,温柔的夜
柏拉图,https://book.douban.com/subject/1027280/,2003-08,华夏出版社,1136人评价,9.2,https://img1.doubanio.com/lpic/s1236859.jpg,柏拉图的《会饮》
[明] 张岱,https://book.douban.com/subject/1053088/,2001-5,上海古籍出版社,2314人评价,9.2,https://img3.doubanio.com/lpic/s4039793.jpg,陶庵梦忆 西湖梦寻
(美)杰克·伦敦著,https://book.douban.com/subject/1082147/,2000-12-03,北京燕山出版社,2216人评价,9.0,https://img1.doubanio.com/lpic/s1234148.jpg,热爱生命
玛格丽特.米切尔,https://book.douban.com/subject/2046807/,1988,浙江文艺出版社,3383人评价,9.4,https://img3.doubanio.com/lpic/s3747710.jpg,飘
迟子建,https://book.douban.com/subject/3311253/,2005-12,北京十月文艺出版社,6188人评价,9.0,https://img3.doubanio.com/lpic/s3380714.jpg,额尔古纳河右岸
[加] 露西·莫德·蒙哥玛利,https://book.douban.com/subject/1064841/,2003-01,浙江文艺出版社,3489人评价,9.0,https://img1.doubanio.com/lpic/s1050548.jpg,绿山墙的安妮
（美）Randal E.Bryant / David O'Hallaron,https://book.douban.com/subject/5333562/,2011-1-1,机械工业出版社,1776人评价,9.7,https://img3.doubanio.com/lpic/s4510534.jpg,深入理解计算机系统（原书第2版）
逯钦立 校注,https://book.douban.com/subject/1015104/,1979-5,中华书局,1178人评价,9.3,https://img3.doubanio.com/lpic/s4282642.jpg,陶渊明集
(后秦)鸠摩罗什,https://book.douban.com/subject/2076623/,2007-4,中州古籍出版社,3055人评价,9.5,https://img3.doubanio.com/lpic/s5881922.jpg,金刚经
[阿根廷] 博尔赫斯,https://book.douban.com/subject/1418058/,2002-7,浙江文艺出版社,3606人评价,9.1,https://img1.doubanio.com/lpic/s26012668.jpg,小径分岔的花园
三毛,https://book.douban.com/subject/3673671/,2009-4,北京十月文艺出版社,8142人评价,9.1,https://img3.doubanio.com/lpic/s6011774.jpg,梦里花落知多少
三毛,https://book.douban.com/subject/3054373/,1986,中国妇女出版社,2246人评价,9.2,https://img1.doubanio.com/lpic/s3067527.jpg,荷西 我爱你
[古希腊] 亚里士多德(Aristotle),https://book.douban.com/subject/1051943/,2003-11,商务印书馆,1260人评价,9.1,https://img1.doubanio.com/lpic/s1730749.jpg,尼各马可伦理学
[美] Stanley B. Lippman,https://book.douban.com/subject/1091086/,2001-5,华中科技大学出版社,1342人评价,9.1,https://img3.doubanio.com/lpic/s3301634.jpg,深度探索C++对象模型
[德]赫尔曼·黑塞,https://book.douban.com/subject/2165076/,2007-07-01,上海译文出版社,1788人评价,9.0,https://img1.doubanio.com/lpic/s2623267.jpg,玻璃球游戏
[英] 以塞亚·伯林,https://book.douban.com/subject/3003032/,2008-03,译林出版社,1301人评价,9.2,https://img3.doubanio.com/lpic/s3030362.jpg,浪漫主义的根源
藤萍,https://book.douban.com/subject/5336428/,2010-10,万卷出版公司,1998人评价,9.1,https://img3.doubanio.com/lpic/s4519614.jpg,吉祥纹莲花楼终篇之青龙·白虎
Zhejiang Education Publishing House,https://book.douban.com/subject/1003694/,1997-11,浙江教育出版社,1842人评价,9.1,https://img3.doubanio.com/lpic/s4026744.jpg,中国少年儿童百科全书
王德胜,https://book.douban.com/subject/1000534/,1994,浙江教育出版社,4227人评价,9.2,https://img3.doubanio.com/lpic/s3959404.jpg,中国少年儿童百科全书--自然.环境
(美)贾雷德・戴蒙德,https://book.douban.com/subject/1054760/,2000-8,上海译文出版社,1767人评价,9.0,https://img1.doubanio.com/lpic/s1041419.jpg,枪炮、病菌与钢铁
【英】毕翠克丝•波特,https://book.douban.com/subject/4097264/,2009年10月,安徽教育出版社,1201人评价,9.0,https://img1.doubanio.com/lpic/s4042908.jpg,小兔彼得和他的朋友们（全3册）
[美] 阿特·斯皮格曼,https://book.douban.com/subject/4075203/,2009-12,陕西师范大学出版社,1437人评价,9.1,https://img5.doubanio.com/lpic/s4127826.jpg,鼠族（一、二部）
理查德·威廉姆斯,https://book.douban.com/subject/1485731/,2006-1,中国青年出版社,1395人评价,9.6,https://img3.doubanio.com/lpic/s2012844.jpg,原动画基础教程
张荫麟,https://book.douban.com/subject/1055347/,1999-12-1,上海古籍出版社,1172人评价,9.0,https://img5.doubanio.com/lpic/s10170776.jpg,中国史纲
[意大利] 伊塔洛·卡尔维诺,https://book.douban.com/subject/3025619/,2008-2,译林出版社,1077人评价,9.0,https://img1.doubanio.com/lpic/s3006149.jpg,美国讲稿
(英)J.R.R.托尔金 著 / 克里斯托弗·托尔金 编,https://book.douban.com/subject/10605859/,2012-7,译林出版社,1163人评价,9.2,https://img3.doubanio.com/lpic/s10596211.jpg,精灵宝钻
[法] 西蒙娜·德·波伏瓦,https://book.douban.com/subject/4745950/,2011-9,上海译文出版社,1378人评价,9.1,https://img1.doubanio.com/lpic/s6927618.jpg,第二性Ⅱ
[美] 高居翰,https://book.douban.com/subject/3410759/,2009-8,生活·读书·新知三联书店,1155人评价,9.0,https://img3.doubanio.com/lpic/s3934655.jpg,隔江山色
阿耐,https://book.douban.com/subject/3432304/,2009年01月,湖北长江出版集团，长江文艺出版社,2030人评价,9.1,https://img3.doubanio.com/lpic/s23593181.jpg,大江东去（共三部）
张爱玲,https://book.douban.com/subject/10757938/,2012-6-1,"北京出版社出版集团,北京十月文艺出版社",2012人评价,9.0,https://img1.doubanio.com/lpic/s10199588.jpg,半生缘
王尔德,https://book.douban.com/subject/4714156/,2010-2,外语教学与研究出版社,1130人评价,9.2,https://img1.doubanio.com/lpic/s4296928.jpg,夜莺与玫瑰
张爱玲,https://book.douban.com/subject/1024468/,2005-6,哈尔滨出版社,1420人评价,9.0,https://img1.doubanio.com/lpic/s1441609.jpg,金锁记
（法）勒·柯布西耶 / （瑞士）W·博奥席耶等,https://book.douban.com/subject/1394534/,2005-4,中国建筑工业出版社,1140人评价,9.2,https://img3.doubanio.com/lpic/s1399745.jpg,勒·柯布西耶全集
[英] 罗杰·克劳利,https://book.douban.com/subject/25891318/,2014-6-1,社会科学文献出版社·甲骨文,2164人评价,9.0,https://img3.doubanio.com/lpic/s28039740.jpg,1453
冯骥才,https://book.douban.com/subject/3206771/,2003年,时代文艺出版社,1268人评价,9.1,https://img3.doubanio.com/lpic/s3252152.jpg,一百个人的十年
[法] 雨果,https://book.douban.com/subject/1083433/,2003-1,人民文学出版社,2301人评价,9.2,https://img5.doubanio.com/lpic/s4604906.jpg,悲惨世界（全三册）
[美] Charles Petzold,https://book.douban.com/subject/4822685/,2010,电子工业出版社,1552人评价,9.2,https://img3.doubanio.com/lpic/s4379914.jpg,编码
吴楚材 / 吴调候,https://book.douban.com/subject/1449421/,1959-9,中华书局,1135人评价,9.2,https://img3.doubanio.com/lpic/s2951515.jpg,古文观止
[汉] 许慎 撰 / [宋] 徐铉杨 校定,https://book.douban.com/subject/1032967/,1963-12,中华书局,1394人评价,9.2,https://img3.doubanio.com/lpic/s1026024.jpg,说文解字
[美]乔治·R. R. 马丁,https://book.douban.com/subject/10608468/,2012-6,重庆出版社,3638人评价,9.6,https://img3.doubanio.com/lpic/s10215071.jpg,冰与火之歌·卷三·冰雨的风暴（全三册）
罗兰•米勒 (Rowland Miller) / 丹尼尔•珀尔曼 (Daniel Perlman),https://book.douban.com/subject/5952488/,2011-1,人民邮电出版社,2027人评价,9.1,https://img1.doubanio.com/lpic/s4643548.jpg,亲密关系（第5版）
五月天,https://book.douban.com/subject/1337171/,2001-9-17,時報文化出版企業股份有限公司,1958人评价,9.6,https://img3.doubanio.com/lpic/s4133615.jpg,五月天之素人自拍
基思•斯坦诺维奇,https://book.douban.com/subject/6952036/,2012-1-1,人民邮电出版社,2148人评价,9.2,https://img1.doubanio.com/lpic/s7649177.jpg,对伪心理学说不
黄蓓佳,https://book.douban.com/subject/1115397/,1996-12,江苏少年儿童出版社,1127人评价,9.0,https://img3.doubanio.com/lpic/s4107891.jpg,我要做好孩子
杨柳松,https://book.douban.com/subject/6125543/,2011-4,重庆出版社,1203人评价,9.2,https://img1.doubanio.com/lpic/s6778118.jpg,北方的空地
(美)安妮·阿普尔鲍姆,https://book.douban.com/subject/20503529/,2013-4-1,新星出版社,1274人评价,9.2,https://img3.doubanio.com/lpic/s26016760.jpg,古拉格
[俄] 陀思妥耶夫斯基,https://book.douban.com/subject/10759466/,2012-5-1,漓江出版社,1378人评价,9.0,https://img1.doubanio.com/lpic/s24401349.jpg,地下室手记
郑渊洁,https://book.douban.com/subject/2002914/,1989,四川少年儿童出版社,1658人评价,9.2,https://img5.doubanio.com/lpic/s2745356.jpg,皮皮鲁和鲁西西全传
(葡)若泽·萨拉马戈,https://book.douban.com/subject/20428302/,2014-2,南海出版公司,2714人评价,9.0,https://img1.doubanio.com/lpic/s27217828.jpg,失明症漫记
[日] 贵志祐介,https://book.douban.com/subject/25752955/,2014-4,上海译文出版社,2995人评价,9.0,https://img1.doubanio.com/lpic/s27251177.jpg,来自新世界 （上下）
[美] 艾萨克·阿西莫夫,https://book.douban.com/subject/25829693/,2014-9-1,江苏文艺出版社,10068人评价,9.0,https://img3.doubanio.com/lpic/s27409671.jpg,永恒的终结
罗杰·凯密恩（Roger Kamien）,https://book.douban.com/subject/3095037/,2008-6,世界图书出版公司,1173人评价,9.1,https://img5.doubanio.com/lpic/s3118506.jpg,听音乐（插图第6版）
[奥] 斯蒂芬·茨威格,https://book.douban.com/subject/3757732/,2009-6,生活·读书·新知三联书店,4722人评价,9.0,https://img3.doubanio.com/lpic/s24946251.jpg,人类的群星闪耀时（增订版）
李泽厚,https://book.douban.com/subject/3410718/,2009-07,生活·读书·新知三联书店,5464人评价,9.2,https://img3.doubanio.com/lpic/s3893343.jpg,美的历程
[美] 悉达多·穆克吉,https://book.douban.com/subject/20507206/,2013-2-4,中信出版社,3117人评价,9.1,https://img1.doubanio.com/lpic/s24598159.jpg,众病之王
[以色列]尤瓦尔·赫拉利,https://book.douban.com/subject/25985021/,2014-11-1,中信出版社,23814人评价,9.2,https://img3.doubanio.com/lpic/s27814883.jpg,人类简史
[美] 阿图·葛文德（Atul Gawande）,https://book.douban.com/subject/26576861/,2015-7-31,浙江人民出版社,8094人评价,9.0,https://img3.doubanio.com/lpic/s28355811.jpg,最好的告别
(日)三浦紫苑,https://book.douban.com/subject/26210487/,2015-1-1,广西师范大学出版社,2219人评价,9.1,https://img1.doubanio.com/lpic/s27914268.jpg,强风吹拂
[美] 安迪·威尔,https://book.douban.com/subject/26586492/,2015-10-1,译林出版社,7982人评价,8.9,https://img3.doubanio.com/lpic/s28315660.jpg,火星救援
吴军,https://book.douban.com/subject/25902942/,2014-6-25,人民邮电出版社,2189人评价,9.0,https://img1.doubanio.com/lpic/s27307487.jpg,文明之光（第一册）
朱熹,https://book.douban.com/subject/1139980/,1983-10,中華書局,1820人评价,9.3,https://img3.doubanio.com/lpic/s2194972.jpg,四書章句集注
奥得弗雷德·普鲁士勒,https://book.douban.com/subject/1192706/,2004-10-01,二十一世纪出版社,1237人评价,9.1,https://img3.doubanio.com/lpic/s1694523.jpg,大盗贼
李碧华,https://book.douban.com/subject/1088711/,1999-1,人民文学出版社,6492人评价,9.1,https://img5.doubanio.com/lpic/s24964086.jpg,霸王别姬
Martin Fowler,https://book.douban.com/subject/1229923/,2003-8-1,中国电力出版社,1934人评价,9.0,https://img3.doubanio.com/lpic/s1669771.jpg,重构
,https://book.douban.com/subject/1849409/,2006-8-1,吉林文史出版社,1590人评价,9.1,https://img3.doubanio.com/lpic/s2158672.jpg,易经
Jon Bentley,https://book.douban.com/subject/3227098/,2008-10,人民邮电出版社,1748人评价,9.2,https://img3.doubanio.com/lpic/s4687321.jpg,编程珠玑
武玉成，顾丛龙 注,https://book.douban.com/subject/1006967/,2004-08,人民文学出版社,2265人评价,9.3,https://img3.doubanio.com/lpic/s1131431.jpg,宋词三百首
宋韬,https://book.douban.com/subject/1107841/,2003-1-1,山西古籍,1281人评价,9.0,https://img3.doubanio.com/lpic/s9791812.jpg,战国策
Robert C. Martin,https://book.douban.com/subject/1140457/,2003-09-01,清华大学出版社,1195人评价,9.1,https://img3.doubanio.com/lpic/s1671095.jpg,敏捷软件开发
汤显祖,https://book.douban.com/subject/1073708/,1963-4-1,人民文学出版社,5683人评价,9.0,https://img3.doubanio.com/lpic/s1075414.jpg,牡丹亭
夏承焘 / 等,https://book.douban.com/subject/1132550/,2003-8-1,上海辞书出版社,1551人评价,9.4,https://img3.doubanio.com/lpic/s1367641.jpg,宋词鉴赏辞典
[瑞典] 阿斯特丽德·林格伦,https://book.douban.com/subject/1004088/,1999-3,中国少年儿童出版社,5347人评价,9.0,https://img1.doubanio.com/lpic/s1290828.jpg,长袜子皮皮
陈鼓应,https://book.douban.com/subject/1033163/,2009-2,中华书局,1563人评价,9.2,https://img1.doubanio.com/lpic/s4011419.jpg,老子注译及评介
彭一刚,https://book.douban.com/subject/1088805/,1986-12-1,建筑工业出版社,1473人评价,9.1,https://img3.doubanio.com/lpic/s1301823.jpg,中国古典园林分析
芦原义信,https://book.douban.com/subject/1507170/,1985-3,中国建筑工业出版社,1391人评价,9.0,https://img3.doubanio.com/lpic/s2146414.jpg,外部空间设计
老舍,https://book.douban.com/subject/1073744/,1999-06,人民文学出版社,4070人评价,9.0,https://img3.doubanio.com/lpic/s1069102.jpg,四世同堂（上下）
[英] 莎士比亚,https://book.douban.com/subject/1089049/,1998-5,译林出版社,1359人评价,9.3,https://img3.doubanio.com/lpic/s1540102.jpg,莎士比亚全集（全8册）
[美] 菲利普·津巴多 / [美] 罗伯特·约翰逊 / [美] 安·韦伯,https://book.douban.com/subject/3143537/,2008-7,中国人民大学出版社,1297人评价,9.3,https://img1.doubanio.com/lpic/s3419538.jpg,津巴多普通心理学
弗里曼,https://book.douban.com/subject/2243615/,2007-9,中国电力出版社,2269人评价,9.2,https://img5.doubanio.com/lpic/s2686916.jpg,Head First 设计模式（中文版）
金庸,https://book.douban.com/subject/1255625/,1994-5,三联书店,54136人评价,9.1,https://img1.doubanio.com/lpic/s23632058.jpg,天龙八部
吴楚材 / 吴调侯,https://book.douban.com/subject/1014561/,1987-1-1,中华书局,9859人评价,9.0,https://img3.doubanio.com/lpic/s1325863.jpg,古文观止
Harold Abelson / Gerald Jay Sussman / Julie Sussman,https://book.douban.com/subject/1148282/,2004-2,机械工业出版社,1690人评价,9.5,https://img5.doubanio.com/lpic/s1113106.jpg,计算机程序的构造和解释
[美]约翰.墨菲,https://book.douban.com/subject/1089991/,1994-5-1,地震出版社,1674人评价,9.1,https://img1.doubanio.com/lpic/s2141099.jpg,期货市场技术分析
本杰明·格雷厄姆 / Benjamin Graham,https://book.douban.com/subject/5243775/,2010-8,人民邮电出版社,2243人评价,9.0,https://img3.doubanio.com/lpic/s6462582.jpg,聪明的投资者
[美]彼得·考夫曼 (编),https://book.douban.com/subject/5346110/,2010-10-01,上海人民出版社,3446人评价,9.0,https://img1.doubanio.com/lpic/s4532008.jpg,穷查理宝典
李娟,https://book.douban.com/subject/10522856/,2012-6,新星出版社,7386人评价,9.0,https://img3.doubanio.com/lpic/s8958901.jpg,冬牧场
[德] 瓦尔特·莫尔斯,https://book.douban.com/subject/1007952/,2002-1,人民文学出版社,1744人评价,9.4,https://img3.doubanio.com/lpic/s1081342.jpg,蓝熊船长的13条半命
[英] 吉米·哈利（James Herriot）,https://book.douban.com/subject/4714015/,2010-05,中国城市出版社,4199人评价,9.0,https://img1.doubanio.com/lpic/s4245447.jpg,万物既伟大又渺小
阿城,https://book.douban.com/subject/1830445/,2011-3,北京燕山出版社,3320人评价,9.0,https://img3.doubanio.com/lpic/s8963180.jpg,阿城精选集
陈秋平 / 尚荣,https://book.douban.com/subject/2381748/,2007-12-1,中华书局,2181人评价,9.1,https://img3.doubanio.com/lpic/s10320050.jpg,金刚经 心经 坛经
(美)保罗﹒萨缪尔森 / （美）诺德豪斯,https://book.douban.com/subject/1082593/,2004-1,人民邮电出版社,1632人评价,9.1,https://img3.doubanio.com/lpic/s1222291.jpg,经济学
泰戈尔,https://book.douban.com/subject/1762527/,1992,上海译文出版社,1888人评价,9.1,https://img1.doubanio.com/lpic/s1665389.jpg,飞鸟集
顾城,https://book.douban.com/subject/3544376/,2009-1,江苏文艺出版社,3748人评价,9.1,https://img1.doubanio.com/lpic/s4084467.jpg,顾城的诗 顾城的画
[日] 原研哉,https://book.douban.com/subject/4230237/,2010-09,广西师范大学出版社,5795人评价,9.0,https://img3.doubanio.com/lpic/s4473054.jpg,设计中的设计 | 全本
宗萨钦哲仁波切,https://book.douban.com/subject/1812011/,2006-5,甘肃民族出版社,2038人评价,9.0,https://img1.doubanio.com/lpic/s2183228.jpg,佛教的见地与修道
何兆武（口述） / 文靖,https://book.douban.com/subject/3260831/,2008-9,生活·读书·新知三联书店,2187人评价,9.0,https://img5.doubanio.com/lpic/s5951026.jpg,上学记
[德] 叔本华,https://book.douban.com/subject/3261600/,2008-10,上海人民出版社,5792人评价,9.3,https://img3.doubanio.com/lpic/s4619775.jpg,人生的智慧
[俄]康·帕乌斯托夫斯基,https://book.douban.com/subject/2042633/,2007-3,上海译文出版社,2372人评价,9.0,https://img3.doubanio.com/lpic/s2358972.jpg,金蔷薇
志摩千岁,https://book.douban.com/subject/2045811/,2011-12,上海书店出版社,2109人评价,9.0,https://img3.doubanio.com/lpic/s24485803.jpg,张国荣的时光
汪曾祺,https://book.douban.com/subject/4238144/,2010-1-1,生活·读书·新知三联书店,2716人评价,9.1,https://img3.doubanio.com/lpic/s4158862.jpg,岁朝清供
李允鉌,https://book.douban.com/subject/1319910/,2005-5-1,天津大学出版社,1886人评价,9.2,https://img1.doubanio.com/lpic/s1852868.jpg,华夏意匠
[英] 吉米·哈利,https://book.douban.com/subject/5410174/,2011-1,中国城市出版社,1562人评价,9.1,https://img3.doubanio.com/lpic/s4671512.jpg,万物刹那又永恒
托尼•赖斯,https://book.douban.com/subject/10439064/,2012-1-1,商务印书馆,3427人评价,9.0,https://img1.doubanio.com/lpic/s7045008.jpg,发现之旅
,https://book.douban.com/subject/1000888/,1980,中华书局,2230人评价,9.0,https://img1.doubanio.com/lpic/s1670329.jpg,論語譯註
梁漱溟,https://book.douban.com/subject/1315213/,2005-05,上海人民出版社,1938人评价,9.0,https://img3.doubanio.com/lpic/s1331483.jpg,中国文化要义
鲁迅,https://book.douban.com/subject/1915958/,1973年3月,人民文学出版社,4298人评价,9.2,https://img1.doubanio.com/lpic/s2364689.jpg,野草
瞿同祖,https://book.douban.com/subject/1224279/,2003-09-01,中华书局,1308人评价,9.2,https://img5.doubanio.com/lpic/s1558956.jpg,中国法律与中国社会
南怀瑾,https://book.douban.com/subject/2149717/,2007.6,上海人民出版社,2188人评价,8.9,https://img3.doubanio.com/lpic/s5768703.jpg,庄子諵譁（上）
王力 主编,https://book.douban.com/subject/1072316/,1999-5,中华书局,1996人评价,9.2,https://img1.doubanio.com/lpic/s9258438.jpg,古代汉语（第一册）
C.S.路易斯,https://book.douban.com/subject/2066374/,2007-3,华东师范大学出版社,1647人评价,9.1,https://img5.doubanio.com/lpic/s2527436.jpg,返璞归真
（英）西蒙・辛格,https://book.douban.com/subject/1322358/,2005-05-01,上海译文出版社,1745人评价,9.0,https://img1.doubanio.com/lpic/s1331728.jpg,费马大定理
"[美] 加来道雄（Kaku, M）",https://book.douban.com/subject/3930318/,2009-6,上海科技教育出版社,2601人评价,9.0,https://img3.doubanio.com/lpic/s3980835.jpg,超越时空
[清] 沈德潛,https://book.douban.com/subject/1081144/,2006-4,中华书局,1451人评价,9.3,https://img1.doubanio.com/lpic/s6847949.jpg,古詩源
于娟,https://book.douban.com/subject/6397275/,2011-5,湖南科技出版社,10079人评价,8.9,https://img3.doubanio.com/lpic/s6343233.jpg,此生未完成
[葡萄牙]费尔南多·佩索阿,https://book.douban.com/subject/1015864/,1995年5月第一版,上海文艺出版社,2712人评价,9.0,https://img3.doubanio.com/lpic/s1113041.jpg,惶然录
蒋勋,https://book.douban.com/subject/5040220/,2010-9,上海三联书店,4007人评价,9.0,https://img3.doubanio.com/lpic/s6216343.jpg,蒋勋说红楼梦（第一辑）
[美] 罗伯特·所罗门,https://book.douban.com/subject/1071227/,2011-1,广西师范大学出版社,2969人评价,9.0,https://img3.doubanio.com/lpic/s4573783.jpg,大问题
[阿根廷]豪·路·博尔赫斯,https://book.douban.com/subject/3003258/,2008-2,浙江文艺出版社,1500人评价,9.2,https://img1.doubanio.com/lpic/s2958527.jpg,阿莱夫
[美]哈珀·李,https://book.douban.com/subject/3597031/,2009-2-1,译林出版社,3176人评价,9.1,https://img3.doubanio.com/lpic/s3684890.jpg,杀死一只反舌鸟
[美] 罗伯特·麦基,https://book.douban.com/subject/1115748/,2001-8,中国电影出版社,4670人评价,9.2,https://img5.doubanio.com/lpic/s2361866.jpg,故事
[奥] 维特根斯坦,https://book.douban.com/subject/1005354/,1996-12,商务印书馆,1519人评价,9.1,https://img3.doubanio.com/lpic/s2704503.jpg,逻辑哲学论
[德]赫尔曼·黑塞,https://book.douban.com/subject/2165063/,2007-7,上海译文出版社,2313人评价,9.2,https://img3.doubanio.com/lpic/s2623252.jpg,纳尔齐斯与歌尔德蒙
(意)伊塔洛·卡尔维诺,https://book.douban.com/subject/3643270/,2009-3,译林出版社,1731人评价,9.1,https://img5.doubanio.com/lpic/s3709316.jpg,新千年文学备忘录
陈忠实,https://book.douban.com/subject/3091368/,2008-5,北京十月文艺出版社,5507人评价,9.1,https://img3.doubanio.com/lpic/s4603422.jpg,白鹿原
[阿根廷] 豪·路·博尔赫斯,https://book.douban.com/subject/1083089/,1999-11,浙江文艺出版社,1751人评价,9.4,https://img1.doubanio.com/lpic/s1789739.jpg,博尔赫斯全集
张爱玲,https://book.douban.com/subject/1055128/,2003-1-1,经济日报出版社,2597人评价,9.0,https://img3.doubanio.com/lpic/s2215584.jpg,传奇(上下)
[英] 毛姆,https://book.douban.com/subject/2035171/,2007-3,上海译文出版社,10981人评价,9.0,https://img1.doubanio.com/lpic/s3983958.jpg,人生的枷锁
[美]法兰克·佛杜锡克 著 / 吴程远 译,https://book.douban.com/subject/1852700/,2006-5,湖南科学技术出版社,1428人评价,9.0,https://img1.doubanio.com/lpic/s3063977.jpg,神经外科的黑色喜剧
叶广芩,https://book.douban.com/subject/3448867/,2009-1,北京出版社,2234人评价,9.0,https://img5.doubanio.com/lpic/s3696986.jpg,采桑子
钱钟书,https://book.douban.com/subject/1069848/,2002-5,生活·读书·新知三联书店,21200人评价,9.0,https://img3.doubanio.com/lpic/s1068075.jpg,围城
钱钟书,https://book.douban.com/subject/1039079/,2001-1,生活·读书·新知三联书店,1941人评价,9.0,https://img1.doubanio.com/lpic/s1028477.jpg,写在人生边上 写在人生边上的边上 石语
宗萨蒋扬钦哲仁波切,https://book.douban.com/subject/5332713/,2010-10,新星出版社,2484人评价,9.0,https://img1.doubanio.com/lpic/s4509918.jpg,人间是剧场
饶平如,https://book.douban.com/subject/23008971/,2013-5-1,广西师范大学出版社,9293人评价,9.0,https://img3.doubanio.com/lpic/s26543835.jpg,平如美棠
雨果,https://book.douban.com/subject/1880986/,2006-8,上海译文出版社,2105人评价,9.2,https://img1.doubanio.com/lpic/s1989289.jpg,悲惨世界（上下）
[德] 马克斯·韦伯,https://book.douban.com/subject/1277275/,2005-03,生活·读书·新知三联书店,1506人评价,9.2,https://img1.doubanio.com/lpic/s1286347.jpg,学术与政治
斯台芬·茨威格,https://book.douban.com/subject/2146279/,2007-7,上海译文出版社,2330人评价,9.0,https://img3.doubanio.com/lpic/s2598131.jpg,心灵的焦灼
钱穆,https://book.douban.com/subject/1020547/,2005-3,生活·读书·新知三联书店,1745人评价,8.9,https://img3.doubanio.com/lpic/s1235344.jpg,论语新解
[阿根廷]豪·路·博尔赫斯,https://book.douban.com/subject/3003477/,2008-2,浙江文艺出版社,2261人评价,9.2,https://img1.doubanio.com/lpic/s2958557.jpg,虚构集
米切尔・恩德,https://book.douban.com/subject/1008459/,2000-2-1,二十一世纪出版社,1197人评价,9.0,https://img3.doubanio.com/lpic/s1556541.jpg,毛毛
何偉,https://book.douban.com/subject/6539859/,2011-6-30,八旗文化,5081人评价,9.3,https://img1.doubanio.com/lpic/s6979148.jpg,甲骨文
郑重 / 王要,https://book.douban.com/subject/1393218/,2000-06,人民文学出版社,2825人评价,9.1,https://img1.doubanio.com/lpic/s24396128.jpg,大明宫词
汉密尔顿 / 杰伊 / 麦迪逊,https://book.douban.com/subject/1048930/,1980,商务印书馆,1909人评价,9.0,https://img3.doubanio.com/lpic/s1437692.jpg,联邦党人文集
王世襄,https://book.douban.com/subject/1029940/,1999-08,生活·读书·新知三联书店,1136人评价,9.2,https://img1.doubanio.com/lpic/s1068077.jpg,锦灰堆
袁越,https://book.douban.com/subject/3178741/,2008-8,南京大学出版社,1210人评价,9.2,https://img3.doubanio.com/lpic/s3448990.jpg,来自民间的叛逆
郑念,https://book.douban.com/subject/3214818/,1988-9,浙江文艺出版社,369人评价,9.3,https://img3.doubanio.com/f/shire/5522dd1f5b742d1e1394a17f44d590646b63871d/pics/book-default-large.gif,上海生死劫
[俄] 亚历山大·索尔仁尼琴,https://book.douban.com/subject/1315844/,1996-12,群众出版社,1302人评价,9.2,https://img1.doubanio.com/lpic/s1323837.jpg,古拉格群岛（上中下）
任东来 / 陈伟 / 白雪峰,https://book.douban.com/subject/1144185/,2014-1,中国法制出版社,4685人评价,9.1,https://img3.doubanio.com/lpic/s24503563.jpg,美国宪政历程
(美)萨伯,https://book.douban.com/subject/3697494/,2009-06,生活·读书·新知三联书店,3110人评价,9.1,https://img1.doubanio.com/lpic/s3838207.jpg,洞穴奇案
WILLARD PRICE,https://book.douban.com/subject/1542939/,1998-05-01,北京少年儿童出版社,1455人评价,9.6,https://img3.doubanio.com/lpic/s2744840.jpg,哈尔罗杰历险记(全套共14册)
Randal E.Bryant / David O'Hallaron,https://book.douban.com/subject/1230413/,2004-5-1,中国电力出版社,2450人评价,9.5,https://img3.doubanio.com/lpic/s1470003.jpg,深入理解计算机系统
[英] 贡布里希 (Sir E.H.Gombrich),https://book.douban.com/subject/1059969/,1999-11-01,生活·读书·新知三联书店,1825人评价,9.4,https://img3.doubanio.com/lpic/s1740152.jpg,艺术的故事
[美] 乔治.R.R.马丁,https://book.douban.com/subject/1986291/,2007-1,重庆出版社,10383人评价,9.5,https://img3.doubanio.com/lpic/s2877433.jpg,冰与火之歌（卷三）
[英] A. S. Hornby 原著 / Sally Wehmeier 主编 / Michael Ashby 语音编辑,https://book.douban.com/subject/1181379/,2004-8,商务印书馆 牛津大学出版社,1495人评价,9.5,https://img3.doubanio.com/lpic/s1218761.jpg,牛津高阶英汉双解词典 （第六版）
Richard P. Feynman / Robert B. Leighton / Matthew Sands,https://book.douban.com/subject/1437852/,2005-06,上海科学技术出版社,1419人评价,9.5,https://img1.doubanio.com/lpic/s1475298.jpg,费恩曼物理学讲义（第1卷）
熊顿,https://book.douban.com/subject/11622283/,2012-9-1,北京理工大学出版社,13206人评价,9.2,https://img5.doubanio.com/lpic/s20742806.jpg,滚蛋吧!肿瘤君
[清] 曹雪芹 著 / 高鹗 续,https://book.douban.com/subject/1007305/,1996-12,人民文学出版社,114911人评价,9.5,https://img1.doubanio.com/lpic/s1070959.jpg,红楼梦
吴淼,https://book.douban.com/subject/2334065/,2007,接力出版社,3468人评价,9.4,https://img1.doubanio.com/lpic/s4433958.jpg,塔希里亚故事集
[哥伦比亚] 加西亚·马尔克斯,https://book.douban.com/subject/6082808/,2011-6,南海出版公司,99465人评价,9.2,https://img3.doubanio.com/lpic/s6384944.jpg,百年孤独
[美] Thomas H.Cormen / Charles E.Leiserson / Ronald L.Rivest / Clifford Stein,https://book.douban.com/subject/1885170/,2006-9,机械工业出版社,4577人评价,9.3,https://img1.doubanio.com/lpic/s1959967.jpg,算法导论（原书第2版）
[美] 侯世达,https://book.douban.com/subject/1291204/,1997-5,商务印书馆,3989人评价,9.4,https://img1.doubanio.com/lpic/s1789059.jpg,哥德尔、艾舍尔、巴赫
木心 口述 / 陈丹青 笔录,https://book.douban.com/subject/20440644/,2013-1-10,广西师范大学出版社,15858人评价,9.2,https://img1.doubanio.com/lpic/s24611679.jpg,文学回忆录（全2册）
司马迁,https://book.douban.com/subject/1077847/,1982-11,中华书局,12266人评价,9.5,https://img3.doubanio.com/lpic/s1953384.jpg,史记（全十册）
老子,https://book.douban.com/subject/1059258/,1999-10,陕西人民出版社,9884人评价,9.4,https://img3.doubanio.com/lpic/s1045431.jpg,道德经
刘慈欣,https://book.douban.com/subject/5363767/,2010-11,重庆出版社,76755人评价,9.2,https://img3.doubanio.com/lpic/s26012674.jpg,三体Ⅲ
柴静,https://book.douban.com/subject/20427187/,2013-1-1,广西师范大学出版社,111491人评价,8.8,https://img3.doubanio.com/lpic/s24468373.jpg,看见
[美] 乔治.R.R.马丁,https://book.douban.com/subject/1464203/,2006-1,重庆出版社,12003人评价,9.4,https://img3.doubanio.com/lpic/s1482630.jpg,冰与火之歌（卷二）
鲁迅,https://book.douban.com/subject/1442720/,2005-11-1,人民文学出版社,3001人评价,9.4,https://img3.doubanio.com/lpic/s1513604.jpg,鲁迅全集（2005最新修订版）
吴淼,https://book.douban.com/subject/3337017/,2008-12,接力出版社,1390人评价,9.4,https://img3.doubanio.com/lpic/s26829385.jpg,塔希里亚故事集Ⅱ
吴军,https://book.douban.com/subject/6709783/,2011-8,电子工业出版社,17016人评价,9.1,https://img3.doubanio.com/lpic/s6807265.jpg,浪潮之巅
孔丘 编订,https://book.douban.com/subject/1883245/,2006-7,北京出版社,10361人评价,9.4,https://img3.doubanio.com/lpic/s1979223.jpg,诗经
[美] 艾萨克·阿西莫夫,https://book.douban.com/subject/1258489/,2005-1,天地出版社,5637人评价,9.3,https://img1.doubanio.com/lpic/s1328658.jpg,第二基地
林崇德 主编,https://book.douban.com/subject/1028409/,1991-4,浙江教育出版社,9042人评价,9.4,https://img3.doubanio.com/lpic/s1463970.jpg,中国少年儿童百科全书（全四册）
[美] 徐中約,https://book.douban.com/subject/1476213/,2002,香港中文大學出版社,3764人评价,9.4,https://img3.doubanio.com/lpic/s1493864.jpg,中國近代史（上冊）
,https://book.douban.com/subject/1851955/,1995,广西民族出版社,2585人评价,9.3,https://img3.doubanio.com/lpic/s29322975.jpg,唐诗三百首
[宋] 司馬光 編著 / [元] 胡三省 音注,https://book.douban.com/subject/1072295/,1956-6,中華書局,3408人评价,9.3,https://img3.doubanio.com/lpic/s1760022.jpg,資治通鑑（全二十冊）
〔法〕大仲马著,https://book.douban.com/subject/1121460/,1999-8-1,北京燕山出版社,2416人评价,9.3,https://img3.doubanio.com/lpic/s2535944.jpg,基督山伯爵(上下)
安房直子,https://book.douban.com/subject/1270150/,2004-03-01,少年儿童出版社,2343人评价,9.3,https://img3.doubanio.com/lpic/s1256733.jpg,风与树的歌
高尔泰,https://book.douban.com/subject/1005358/,2004-11-03,花城出版社,3695人评价,9.2,https://img3.doubanio.com/lpic/s1122091.jpg,寻找家园
（美）乔治·R·R·马丁,https://book.douban.com/subject/3210843/,2008-09,重庆出版社,8479人评价,9.2,https://img3.doubanio.com/lpic/s3275713.jpg,冰与火之歌·卷四·群鸦的盛宴（全两册）
玛赞·莎塔碧,https://book.douban.com/subject/4071859/,2010-1,生活·读书·新知三联书店,4150人评价,9.3,https://img3.doubanio.com/lpic/s6144591.jpg,我在伊朗长大
中国社会科学院语言研究所词典编辑室 编,https://book.douban.com/subject/1036684/,1996-7,商务印书馆,6363人评价,9.3,https://img3.doubanio.com/lpic/s1148324.jpg,现代汉语词典（修订本）
孙通海 译注,https://book.douban.com/subject/2046236/,2007-04,中华书局,4780人评价,9.3,https://img3.doubanio.com/lpic/s5765615.jpg,庄子
[俄]陀思妥耶夫斯基,https://book.douban.com/subject/1856494/,2006-8,上海译文出版社,6553人评价,9.3,https://img3.doubanio.com/lpic/s2059791.jpg,卡拉马佐夫兄弟
（美）Brian W. Kernighan / （美）Dennis M. Ritchie,https://book.douban.com/subject/1139336/,2004-1,机械工业出版社,3678人评价,9.4,https://img3.doubanio.com/lpic/s1106934.jpg,C程序设计语言
[意大利] 卡尔维诺,https://book.douban.com/subject/1066165/,2001-9,译林出版社,4032人评价,9.3,https://img3.doubanio.com/lpic/s1079340.jpg,卡尔维诺文集（第三卷）
[美] 安·兰德,https://book.douban.com/subject/1431870/,2005-11,重庆出版社,4601人评价,9.1,https://img5.doubanio.com/lpic/s1451416.jpg,源泉
[美] 乔治·R. R. 马丁,https://book.douban.com/subject/1336330/,2005-5,重庆出版社,21893人评价,9.3,https://img3.doubanio.com/lpic/s1358984.jpg,冰与火之歌（卷一）
兰晓龙,https://book.douban.com/subject/3511129/,2009-1,新星出版社,2218人评价,9.4,https://img3.doubanio.com/lpic/s3698353.jpg,我的团长我的团（下部）
蘅塘退士 / 陈婉俊,https://book.douban.com/subject/1013267/,1984-07-01,中华书局,8763人评价,9.3,https://img1.doubanio.com/lpic/s1008848.jpg,唐诗三百首
张纯如,https://book.douban.com/subject/2245468/,2007-8,东方出版社,1753人评价,9.2,https://img5.doubanio.com/lpic/s2714926.jpg,南京浩劫
王小波,https://book.douban.com/subject/1883991/,2006-7,云南人民出版社,3556人评价,9.3,https://img3.doubanio.com/lpic/s3432962.jpg,王小波全集
[英] 山姆·麦克布雷尼 文 / 安妮塔·婕朗 图,https://book.douban.com/subject/1433640/,2005-4,少年儿童出版社,9001人评价,9.3,https://img1.doubanio.com/lpic/s24549957.jpg,猜猜我有多爱你
[美] 艾萨克·阿西莫夫,https://book.douban.com/subject/1258490/,2005-1,天地出版社,10424人评价,9.2,https://img5.doubanio.com/lpic/s1239326.jpg,基地
[日] 田中芳树,https://book.douban.com/subject/1418999/,2004-7-1,西藏人民出版社,4653人评价,9.2,https://img3.doubanio.com/lpic/s28291162.jpg,银河英雄传说
[日] 莫莉蓟野,https://book.douban.com/subject/4060362/,2009-10,南海出版公司,1557人评价,9.1,https://img3.doubanio.com/lpic/s4001430.jpg,猫城小事
[伊朗] 玛赞·莎塔碧,https://book.douban.com/subject/1769765/,2006-4,生活·读书·新知三联,2491人评价,9.2,https://img1.doubanio.com/lpic/s1670019.jpg,我在伊朗长大1
錢穆,https://book.douban.com/subject/1046492/,2013-8,商務印書館,9132人评价,9.3,https://img3.doubanio.com/lpic/s23922774.jpg,國史大綱（上下）
费孝通,https://book.douban.com/subject/1310228/,1998-5-1,北京大学出版社,3345人评价,9.2,https://img1.doubanio.com/lpic/s2161158.jpg,乡土中国 生育制度
鲁兵 主编 / 朱延龄 插图,https://book.douban.com/subject/1941301/,1987-2,少年儿童出版社,8048人评价,9.2,https://img1.doubanio.com/lpic/s1949888.jpg,365夜故事（上下）
[美] 艾萨克·阿西莫夫,https://book.douban.com/subject/1258491/,2005-1,天地出版社,5679人评价,9.2,https://img1.doubanio.com/lpic/s1328657.jpg,基地与帝国
顾准,https://book.douban.com/subject/2025235/,2007-4-1,中国市场出版社,2042人评价,9.1,https://img3.doubanio.com/lpic/s2333801.jpg,顾准文集
[美] 米切尔,https://book.douban.com/subject/1083474/,1990-8,人民文学出版社,7616人评价,9.2,https://img3.doubanio.com/lpic/s1529094.jpg,飘（全二册）
[英] 乔治·奥威尔,https://book.douban.com/subject/1082387/,2003-4,上海译文出版社,24165人评价,9.2,https://img5.doubanio.com/lpic/s1089916.jpg,一九八四·动物农场
（清）纳兰性德 / 赵秀亭（笺校） / 冯统一（笺校）,https://book.douban.com/subject/1420734/,2005-7-1,中华书局,1943人评价,9.2,https://img3.doubanio.com/lpic/s6474704.jpg,飲水詞箋校
[美] 欧文·斯通,https://book.douban.com/subject/3054821/,2008-4,北京十月文艺出版社,6739人评价,9.2,https://img1.doubanio.com/lpic/s3099438.jpg,渴望生活
（英）帕·林·特拉芙斯,https://book.douban.com/subject/1433572/,2005,明天出版社,1514人评价,9.2,https://img1.doubanio.com/lpic/s8447328.jpg,随风而来的玛丽阿姨
[哥伦比亚] 加西亚·马尔克斯,https://book.douban.com/subject/10594787/,2012-9-1,南海出版公司,52849人评价,8.9,https://img3.doubanio.com/lpic/s11284102.jpg,霍乱时期的爱情
[英] 毛姆,https://book.douban.com/subject/4123116/,2009-10,上海译文出版社,20978人评价,9.2,https://img3.doubanio.com/lpic/s6088624.jpg,月亮和六便士
[美] G. 伽莫夫,https://book.douban.com/subject/1102715/,2002-11,科学出版社,5875人评价,9.1,https://img3.doubanio.com/lpic/s2516920.jpg,从一到无穷大
(法)托克维尔,https://book.douban.com/subject/1041385/,1989-1,商务印书馆,4558人评价,9.2,https://img1.doubanio.com/lpic/s26301247.jpg,论美国的民主
[法] 托克维尔,https://book.douban.com/subject/1032063/,1992-08,商务印书馆,5064人评价,8.9,https://img5.doubanio.com/lpic/s1076506.jpg,旧制度与大革命
Leften Stavros Stavrianos,https://book.douban.com/subject/1922216/,2006-1-10,Peking University Press,9082人评价,9.2,https://img3.doubanio.com/lpic/s1943290.jpg,全球通史(上)
"（美）斯塔夫里阿诺斯（Stavrianos,L.S.）",https://book.douban.com/subject/1922246/,2006-10,北京大学出版社,6212人评价,9.2,https://img3.doubanio.com/lpic/s2179261.jpg,全球通史(下)
曹天元,https://book.douban.com/subject/1467022/,2006-1,辽宁教育出版社,12747人评价,9.2,https://img3.doubanio.com/lpic/s1486674.jpg,上帝掷骰子吗
[奥] 莱内·马利亚·里尔克,https://book.douban.com/subject/1438816/,2005-10,上海译文出版社,2315人评价,9.1,https://img3.doubanio.com/lpic/s1483135.jpg,给青年诗人的信
[英] 王尔德,https://book.douban.com/subject/2160226/,2007-7,上海译文出版社,6412人评价,9.1,https://img3.doubanio.com/lpic/s2896390.jpg,快乐王子
[美] 史蒂夫·迈克康奈尔,https://book.douban.com/subject/1477390/,2006-3,电子工业出版社,3232人评价,9.3,https://img1.doubanio.com/lpic/s1495029.jpg,代码大全（第2版）
Stanley B.Lippman / Josée LaJoie / Barbara E.Moo,https://book.douban.com/subject/1767741/,2006,人民邮电出版社,4076人评价,9.2,https://img3.doubanio.com/lpic/s1638975.jpg,C++ Primer 中文版（第 4 版）
刘慈欣,https://book.douban.com/subject/3066477/,2008-5,重庆出版社,77537人评价,9.2,https://img3.doubanio.com/lpic/s4542660.jpg,三体Ⅱ
[丹麦]金·弗珀兹·艾克松/文 / [瑞典]爱娃·艾瑞克松/图,https://book.douban.com/subject/2361768/,2007,湖北美术出版社,7969人评价,9.3,https://img1.doubanio.com/lpic/s3446498.jpg,爷爷变成了幽灵
[美] 斯蒂芬·金,https://book.douban.com/subject/1829226/,2006-7,人民文学出版社,36019人评价,9.1,https://img3.doubanio.com/lpic/s4007145.jpg,肖申克的救赎
（丹麦）安徒生,https://book.douban.com/subject/1046209/,1997-08,人民文学出版社,34664人评价,9.1,https://img3.doubanio.com/lpic/s1034062.jpg,安徒生童话故事集
路遥,https://book.douban.com/subject/3523041/,2009-1,北京十月文艺出版社,16705人评价,9.2,https://img1.doubanio.com/lpic/s3799757.jpg,平凡的世界（全三册）
三毛,https://book.douban.com/subject/1060068/,2003-8,哈尔滨出版社,36882人评价,9.2,https://img3.doubanio.com/lpic/s1066570.jpg,撒哈拉的故事
[美国] 玛格丽特·米切尔,https://book.douban.com/subject/1068920/,2000-9,译林出版社,74384人评价,9.3,https://img1.doubanio.com/lpic/s1078958.jpg,飘
[明] 罗贯中,https://book.douban.com/subject/1019568/,1998-05,人民文学出版社,53155人评价,9.2,https://img3.doubanio.com/lpic/s1076932.jpg,三国演义（全二册）
[英] 王尔德,https://book.douban.com/subject/1119839/,2003-6,译林出版社,11187人评价,9.1,https://img5.doubanio.com/lpic/s2019056.jpg,王尔德童话
卡里·纪伯伦,https://book.douban.com/subject/2212371/,2007-8,天津教育出版社,3077人评价,9.0,https://img3.doubanio.com/lpic/s6846152.jpg,先知
[法] 阿尔贝·加缪,https://book.douban.com/subject/1034066/,1999-5,译林出版社,1817人评价,9.1,https://img1.doubanio.com/lpic/s2264339.jpg,加缪文集
[英] 瑞·蒙克,https://book.douban.com/subject/6152040/,2011-6,浙江大学出版社,3210人评价,9.1,https://img5.doubanio.com/lpic/s6850776.jpg,维特根斯坦传
中国社会科学院语言研究所 编,https://book.douban.com/subject/1001896/,1998-6,商务印书馆,6481人评价,9.2,https://img3.doubanio.com/lpic/s1076290.jpg,新华字典（1998年修订本）
兰晓龙,https://book.douban.com/subject/3297466/,2009-1,新星出版社,2875人评价,9.2,https://img3.doubanio.com/lpic/s3510333.jpg,我的团长我的团（上部）
Elliot Aronson,https://book.douban.com/subject/2328458/,2007-12,华东师范大学出版社,4086人评价,9.1,https://img1.doubanio.com/lpic/s3028088.jpg,社会性动物
[美] 迈克尔·桑德尔,https://book.douban.com/subject/5408882/,2011-1-1,中信出版社,4073人评价,9.1,https://img1.doubanio.com/lpic/s4604609.jpg,公正
[美] Erich Gamma / Richard Helm / Ralph Johnson / John Vlissides,https://book.douban.com/subject/1052241/,2000-9,机械工业出版社,2496人评价,9.1,https://img3.doubanio.com/lpic/s1074361.jpg,设计模式
（德）叔本华,https://book.douban.com/subject/1292409/,2015-11,上海人民出版社,2683人评价,9.2,https://img3.doubanio.com/lpic/s1332575.jpg,人生的智慧
[美] R·柯朗 H·罗宾 著 / I·斯图尔特 修订,https://book.douban.com/subject/1320282/,2005-5,复旦大学出版社,2888人评价,9.1,https://img3.doubanio.com/lpic/s1802550.jpg,什么是数学
[晋] 陈寿 撰 / [宋] 裴松之 注,https://book.douban.com/subject/1014763/,2011-10,中华书局,3383人评价,9.2,https://img3.doubanio.com/lpic/s29390022.jpg,三国志（全五册）
杨显惠,https://book.douban.com/subject/3239549/,2008-09,花城出版社,12077人评价,9.2,https://img3.doubanio.com/lpic/s3455551.jpg,夹边沟记事
当年明月,https://book.douban.com/subject/3674537/,2009-4,中国海关出版社,31511人评价,9.1,https://img3.doubanio.com/lpic/s3745215.jpg,明朝那些事儿（1-9）
[奥］斯蒂芬・茨威格,https://book.douban.com/subject/1062343/,2004-5,广西师范大学出版社,5854人评价,9.2,https://img1.doubanio.com/lpic/s1121598.jpg,昨日的世界
萧涤非 / 等,https://book.douban.com/subject/1021990/,1999-11,上海辞书出版社,3488人评价,9.2,https://img5.doubanio.com/lpic/s1015106.jpg,唐诗鉴赏辞典
幾米,https://book.douban.com/subject/3665874/,2009-5-1,大塊文化,14719人评价,9.0,https://img3.doubanio.com/lpic/s4150073.jpg,星空
[阿根廷] 博尔赫斯,https://book.douban.com/subject/1440972/,2005-12,浙江文艺出版社,7460人评价,9.1,https://img3.doubanio.com/lpic/s1466762.jpg,博尔赫斯小说集
[美] 彼得·海斯勒,https://book.douban.com/subject/7060185/,2012-1,上海译文出版社,21605人评价,9.0,https://img3.doubanio.com/lpic/s7019913.jpg,江城
安徒生,https://book.douban.com/subject/1765512/,1978年6月,上海译文出版社,9113人评价,9.1,https://img5.doubanio.com/lpic/s4133656.jpg,海的女儿
[英] 阿·柯南道尔,https://book.douban.com/subject/1040211/,1981-8,群众出版社,47313人评价,9.2,https://img3.doubanio.com/lpic/s1229240.jpg,福尔摩斯探案全集（上中下）
慕容引刀,https://book.douban.com/subject/3108835/,2008-5,上海人民出版社,2653人评价,9.0,https://img3.doubanio.com/lpic/s3492980.jpg,让爱点亮
[德] 赫尔曼·黑塞,https://book.douban.com/subject/3406401/,2009-3,上海人民出版社,11303人评价,9.0,https://img1.doubanio.com/lpic/s6790238.jpg,悉达多
美国纽约摄影学院,https://book.douban.com/subject/1007928/,2000-03,中国摄影出版社,8971人评价,9.1,https://img1.doubanio.com/lpic/s2181217.jpg,美国纽约摄影学院摄影教材（上）
Eric S. Raymond,https://book.douban.com/subject/1467587/,2006-2,电子工业出版社,1961人评价,9.0,https://img3.doubanio.com/lpic/s1631790.jpg,UNIX编程艺术
[法国] 马塞尔·普鲁斯特,https://book.douban.com/subject/1092168/,2001-4,译林出版社,2289人评价,9.1,https://img3.doubanio.com/lpic/s1989055.jpg,追忆似水年华（上下册）
[法] 列维-斯特劳斯,https://book.douban.com/subject/1393447/,2005-6,生活·读书·新知三联书店,1796人评价,9.1,https://img3.doubanio.com/lpic/s1817185.jpg,忧郁的热带
[美] 埃里克·霍弗,https://book.douban.com/subject/3057556/,2011-6,广西师范大学出版社,5635人评价,9.0,https://img1.doubanio.com/lpic/s28036829.jpg,狂热分子
钱穆,https://book.douban.com/subject/1003479/,2001,生活·读书·新知三联书店,21568人评价,9.1,https://img3.doubanio.com/lpic/s1319205.jpg,中国历代政治得失
[美] 菲利普·科特勒 / [美] 凯文·莱恩·凯勒,https://book.douban.com/subject/1894695/,2006-9,上海人民出版社,1568人评价,9.0,https://img1.doubanio.com/lpic/s1871747.jpg,营销管理
谢尔・希尔弗斯坦,https://book.douban.com/subject/1059503/,2003-9-1,南海出版公司,2996人评价,9.1,https://img3.doubanio.com/lpic/s1112624.jpg,爱心树
余华,https://book.douban.com/subject/1061118/,2004-5,上海文艺出版社,75133人评价,9.1,https://img3.doubanio.com/lpic/s1469173.jpg,活着
尹建莉,https://book.douban.com/subject/3465080/,2009-1-1,作家出版社,6126人评价,9.0,https://img1.doubanio.com/lpic/s3615018.jpg,好妈妈胜过好老师
[伊朗] 玛赞·莎塔碧,https://book.douban.com/subject/1769769/,2006-4,生活·读书·新知三联书店,1681人评价,9.2,https://img3.doubanio.com/lpic/s1640990.jpg,我在伊朗长大3
[德] 埃·奥·卜劳恩 绘,https://book.douban.com/subject/1002898/,2003-4,中国工人出版社,15686人评价,9.1,https://img1.doubanio.com/lpic/s1094608.jpg,父与子全集
慕容引刀,https://book.douban.com/subject/2251434/,2007-9,上海人民出版社,5564人评价,9.0,https://img3.doubanio.com/lpic/s24397222.jpg,被爱路过
[日] 莫莉蓟野,https://book.douban.com/subject/3774884/,2009-5,南海出版公司,2588人评价,9.1,https://img5.doubanio.com/lpic/s3842836.jpg,子猫絮语
[英] 乔治·奥威尔,https://book.douban.com/subject/2035179/,2007-3,上海译文出版社,29053人评价,9.2,https://img3.doubanio.com/lpic/s2347590.jpg,动物农场
王小波,https://book.douban.com/subject/1054685/,1997-10,中国青年出版社,37545人评价,9.0,https://img1.doubanio.com/lpic/s1447349.jpg,沉默的大多数
hans,https://book.douban.com/subject/3554154/,2009-1,上海锦绣文章出版社,23207人评价,9.0,https://img3.doubanio.com/lpic/s3721175.jpg,阿狸·梦之城堡
余华,https://book.douban.com/subject/1082154/,1998-5,南海出版公司,123107人评价,9.1,https://img3.doubanio.com/lpic/s23836852.jpg,活着
[法] 圣埃克苏佩里,https://book.douban.com/subject/1084336/,2003-8,人民文学出版社,215010人评价,9.0,https://img1.doubanio.com/lpic/s1237549.jpg,小王子
[日] 东野圭吾,https://book.douban.com/subject/3259440/,2008-9,南海出版公司,178660人评价,9.1,https://img3.doubanio.com/lpic/s4610502.jpg,白夜行
[英] 阿加莎·克里斯蒂,https://book.douban.com/subject/1827374/,2006-5,人民文学出版社,33416人评价,9.0,https://img1.doubanio.com/lpic/s1765799.jpg,东方快车谋杀案
[英] 奥斯丁,https://book.douban.com/subject/1401841/,1996-12,上海译文出版社,23086人评价,9.0,https://img1.doubanio.com/lpic/s27017338.jpg,傲慢与偏见
王小波,https://book.douban.com/subject/1014578/,1997,文化艺术出版社,17419人评价,9.0,https://img3.doubanio.com/lpic/s1016763.jpg,我的精神家园
芭芭拉·德米克,https://book.douban.com/subject/6428468/,2011-5-31,麥田出版,6298人评价,9.1,https://img3.doubanio.com/lpic/s6643233.jpg,我們最幸福
林达,https://book.douban.com/subject/1027191/,1997-5,生活·读书·新知三联书店,27120人评价,9.0,https://img5.doubanio.com/lpic/s1768916.jpg,历史深处的忧虑
[美] 曼昆,https://book.douban.com/subject/1028842/,2003-8,机械工业出版社,10846人评价,9.0,https://img3.doubanio.com/lpic/s1785715.jpg,经济学原理（上下）
,https://book.douban.com/subject/2160556/,1962,少年儿童出版社,8949人评价,9.0,https://img1.doubanio.com/lpic/s2619779.jpg,十万个为什么
[奥] 斯台芬·茨威格,https://book.douban.com/subject/2158684/,2007-7,上海译文出版社,4828人评价,9.0,https://img3.doubanio.com/lpic/s2897060.jpg,象棋的故事
王小波,https://book.douban.com/subject/1776683/,2006-4,北方文艺出版社,10136人评价,9.0,https://img5.doubanio.com/lpic/s1727466.jpg,沉默的大多数
（日）东野圭吾,https://book.douban.com/subject/4117922/,2009年11月,南海出版公司,34585人评价,9.0,https://img3.doubanio.com/lpic/s4055190.jpg,嫌疑人X的献身
[清] 蒲松龄 著 / 朱其铠 等校注,https://book.douban.com/subject/1036397/,1989-9,人民文学出版社,2828人评价,9.0,https://img3.doubanio.com/lpic/s2242061.jpg,全本新注聊斋志异（全三册）
屈原,https://book.douban.com/subject/1393724/,2003-03-01,山西古籍出版社,2375人评价,9.0,https://img5.doubanio.com/lpic/s9846666.jpg,楚辞
[英] 阿瑟·克拉克,https://book.douban.com/subject/2340609/,2007-11,上海人民出版社,3593人评价,9.0,https://img1.doubanio.com/lpic/s3032729.jpg,2001太空漫游
[美] 特德·蒋,https://book.douban.com/subject/1187842/,2005-2,四川科学技术出版社,5882人评价,8.9,https://img5.doubanio.com/lpic/s25996026.jpg,你一生的故事
宫西达也,https://book.douban.com/subject/1026035/,2004-06,北京少年儿童出版社,6340人评价,9.1,https://img5.doubanio.com/lpic/s2084206.jpg,你看起来好像很好吃
张乐平,https://book.douban.com/subject/1009273/,1995-10,少年儿童出版社,2328人评价,9.1,https://img3.doubanio.com/lpic/s1350872.jpg,三毛流浪记（全集）
张乐平,https://book.douban.com/subject/2129427/,1990-1,同济大学出版社,3876人评价,9.0,https://img3.doubanio.com/lpic/s2579020.jpg,三毛从军记全集
[日] 伊坂幸太郎,https://book.douban.com/subject/5038409/,2010-9,译林出版社,9576人评价,9.0,https://img3.doubanio.com/lpic/s4444885.jpg,金色梦乡
[美] 彼得·海斯勒,https://book.douban.com/subject/5414391/,2011-1,上海译文出版社,29211人评价,9.0,https://img1.doubanio.com/lpic/s4575849.jpg,寻路中国
[法] 米歇尔·福柯,https://book.douban.com/subject/1012307/,2003-1,生活·读书·新知三联书店,3078人评价,9.1,https://img1.doubanio.com/lpic/s2522397.jpg,规训与惩罚
[英]毛姆,https://book.douban.com/subject/2035162/,2007-3,上海译文出版社,23242人评价,9.0,https://img3.doubanio.com/lpic/s2347562.jpg,刀锋
章东磐,https://book.douban.com/subject/3824491/,2009-7,山西人民出版社,1281人评价,9.0,https://img3.doubanio.com/lpic/s4145813.jpg,父亲的战场
[美] 丹·西蒙斯,https://book.douban.com/subject/2052049/,2007-5,万卷出版公司,3536人评价,9.0,https://img5.doubanio.com/lpic/s2369996.jpg,海伯利安
[俄] 布尔加科夫,https://book.douban.com/subject/1077492/,2004-06,人民文学出版社,2489人评价,9.0,https://img5.doubanio.com/lpic/s2312776.jpg,大师和玛格丽特
林达,https://book.douban.com/subject/1014825/,2004-08,生活·读书·新知三联书店,10625人评价,9.0,https://img3.doubanio.com/lpic/s2170315.jpg,我也有一个梦想
王国维,https://book.douban.com/subject/1203426/,1998-12-01,上海古籍出版社,14570人评价,9.0,https://img1.doubanio.com/lpic/s9130587.jpg,人间词话
,https://book.douban.com/subject/1803022/,1996,中国基督教协会,12813人评价,9.0,https://img1.doubanio.com/lpic/s1677577.jpg,圣经
秦晖,https://book.douban.com/subject/1076378/,2004-09-01,复旦大学出版社,1916人评价,9.1,https://img3.doubanio.com/lpic/s1473584.jpg,传统十论
[英]马丁•麦克多纳 / 汀布莱克•韦滕贝克 / 安东尼•尼尔逊 / 卡丽尔•丘琪尔,https://book.douban.com/subject/4734066/,2010-4,新星出版社,1479人评价,9.1,https://img3.doubanio.com/lpic/s4294263.jpg,枕头人
汪曾祺,https://book.douban.com/subject/10794792/,2012-7,北京十月文艺出版社,1358人评价,9.3,https://img1.doubanio.com/lpic/s10352277.jpg,受戒
[英] 肯·福莱特,https://book.douban.com/subject/26698660/,2016-5-1,江苏凤凰文艺出版社,14207人评价,9.0,https://img3.doubanio.com/lpic/s28668834.jpg,巨人的陨落
张赞波,https://book.douban.com/subject/26666589/,2015-11-1,广西师范大学出版社,1050人评价,8.8,https://img1.doubanio.com/lpic/s28356879.jpg,大路
布鲁斯·布尔诺·德·梅斯奎塔 (Mesquita B.B.D.) / 阿拉斯泰尔·史密斯 (Smith A.),https://book.douban.com/subject/25881102/,2014-5-1,江苏文艺出版社,1819人评价,8.9,https://img5.doubanio.com/lpic/s27293486.jpg,独裁者手册
罗杰·克劳利 (Roger Crowley),https://book.douban.com/subject/25891321/,2014-6,社会科学文献出版社·甲骨文,1300人评价,9.0,https://img1.doubanio.com/lpic/s28342679.jpg,海洋帝国
彼得·海斯勒,https://book.douban.com/subject/2076886/,2007-5-7,久周出版,1781人评价,9.1,https://img3.doubanio.com/lpic/s2400703.jpg,甲骨文
宫西达也,https://book.douban.com/subject/1072126/,2004-06,北京少年儿童出版社,1479人评价,9.1,https://img3.doubanio.com/lpic/s1057465.jpg,我是霸王龙
[美] 哈珀·李,https://book.douban.com/subject/6781808/,2012-9,译林出版社,8100人评价,9.2,https://img3.doubanio.com/lpic/s23128183.jpg,杀死一只知更鸟
陈寅恪,https://book.douban.com/subject/1034470/,2001-1,生活·读书·新知三联书店,1056人评价,9.0,https://img3.doubanio.com/lpic/s2180824.jpg,柳如是别传（全三册）
[法] 克里斯多夫·夏布特,https://book.douban.com/subject/26695174/,2016-2,北京联合出版公司·后浪出版公司,1861人评价,8.9,https://img1.doubanio.com/lpic/s28369978.jpg,灯塔
三毛,https://book.douban.com/subject/3698398/,2009-4,北京十月文艺出版社,5250人评价,9.0,https://img1.doubanio.com/lpic/s3752378.jpg,万水千山走遍
Philip J. Guo,https://book.douban.com/subject/11505704/,2012-7-1,digital,1114人评价,9.1,https://img3.doubanio.com/lpic/s25802111.jpg,The Ph.D. Grind
（英）弗雷泽,https://book.douban.com/subject/2101774/,1998-01,大众文艺出版社,1107人评价,9.0,https://img3.doubanio.com/lpic/s3559585.jpg,金枝
[日] 三岛由纪夫,https://book.douban.com/subject/1091904/,2001-1,北京燕山出版社,1186人评价,9.1,https://img3.doubanio.com/lpic/s1078614.jpg,丰饶之海（上下）
[英] J.R.R.托尔金,https://book.douban.com/subject/21979017/,2013-9,上海人民出版社,1513人评价,9.5,https://img1.doubanio.com/lpic/s27063429.jpg,魔戒
柏拉图,https://book.douban.com/subject/6073019/,2011-3,生活·读书·新知三联书店,1228人评价,9.1,https://img1.doubanio.com/lpic/s4692937.jpg,斐多
顾城,https://book.douban.com/subject/10877051/,2012-8-1,重庆出版社,1164人评价,9.0,https://img3.doubanio.com/lpic/s11133943.jpg,顾城哲思录
马克斯·韦伯,https://book.douban.com/subject/2150432/,2007-7,广西师范大学出版社,1050人评价,9.1,https://img3.doubanio.com/lpic/s2610504.jpg,韦伯作品集Ⅻ:新教伦理与资本主义精神
米兰Lady,https://book.douban.com/subject/4041998/,2009-09-11,新世界出版社,1265人评价,9.0,https://img3.doubanio.com/lpic/s3989464.jpg,孤城闭
[明] 王阳明撰,https://book.douban.com/subject/3007268/,2008-1,中州古籍出版社,1218人评价,9.3,https://img3.doubanio.com/lpic/s3451090.jpg,传习录
Stephen Prata / 云巅工作室,https://book.douban.com/subject/1240002/,2005-2-1,人民邮电出版社,1468人评价,9.2,https://img3.doubanio.com/lpic/s1308874.jpg,C Primer Plus
[美] 黄仁宇,https://book.douban.com/subject/1981042/,2007-1,中华书局,11037人评价,9.0,https://img1.doubanio.com/lpic/s2177769.jpg,万历十五年（增订本）
(法)孟德斯鸠,https://book.douban.com/subject/1016930/,1961-11,商务印书馆,1049人评价,9.0,https://img3.doubanio.com/lpic/s1011423.jpg,论法的精神（上）
费孝通,https://book.douban.com/subject/2274697/,2007-8,上海人民出版社,1161人评价,9.0,https://img3.doubanio.com/lpic/s2916131.jpg,江村经济
桔子樹,https://book.douban.com/subject/6531656/,2011-6-10,宇河文化,3098人评价,9.4,https://img1.doubanio.com/lpic/s6518949.jpg,麒麟之与子同袍
(英) 王尔德,https://book.douban.com/subject/4736014/,2010-4-1,上海译文出版社,1117人评价,9.1,https://img3.doubanio.com/lpic/s4355770.jpg,快乐王子
李娟,https://book.douban.com/subject/11602263/,2012-8-25,上海文艺出版社,1273人评价,9.1,https://img3.doubanio.com/lpic/s11337793.jpg,羊道·深山夏牧场
[俄] 列夫·托尔斯泰,https://book.douban.com/subject/2253380/,2007-8,上海文艺出版社,2261人评价,9.1,https://img1.doubanio.com/lpic/s5763939.jpg,安娜·卡列尼娜
李娟,https://book.douban.com/subject/11602265/,2012-8-25,"上海文艺出版集团,上海文艺出版社",1270人评价,9.1,https://img3.doubanio.com/lpic/s11337784.jpg,羊道·前山夏牧场
旋元佑,https://book.douban.com/subject/1014914/,2001-5,九州出版社,1599人评价,9.5,https://img3.doubanio.com/lpic/s26368880.jpg,英语魔法师之语法俱乐部
Charles Petzold,https://book.douban.com/subject/1024570/,2000-9-1,机械工业出版社,1161人评价,9.2,https://img3.doubanio.com/lpic/s26535990.jpg,编码的奥秘
(日)三岛由纪夫,https://book.douban.com/subject/5395162/,2011-4,上海译文出版社,1338人评价,9.0,https://img3.doubanio.com/lpic/s5097980.jpg,天人五衰
李碧华,https://book.douban.com/subject/2137767/,1993年8月,人民文学出版社,1785人评价,9.2,https://img3.doubanio.com/lpic/s2579305.jpg,霸王别姬
[奥] 莱内·马利亚·里尔克,https://book.douban.com/subject/5908654/,2011-2,上海译文出版社,1156人评价,9.1,https://img1.doubanio.com/lpic/s4670398.jpg,给青年诗人的信
Douglas Crockford,https://book.douban.com/subject/3590768/,2009年,电子工业出版社,1431人评价,9.1,https://img3.doubanio.com/lpic/s3651235.jpg,JavaScript语言精粹
[日] 芥川龙之介,https://book.douban.com/subject/1457542/,2005-3,山东文艺出版社,1166人评价,9.2,https://img1.doubanio.com/lpic/s1871949.jpg,芥川龙之介全集
TOBY SEGARAN,https://book.douban.com/subject/3288908/,2009-1,电子工业出版社,1187人评价,9.0,https://img3.doubanio.com/lpic/s3350961.jpg,集体智慧编程
阿城,https://book.douban.com/subject/3013624/,2007-1-1,大地,2483人评价,9.0,https://img3.doubanio.com/lpic/s4026841.jpg,棋王.樹王.孩子王
（法）安德烈·巴赞,https://book.douban.com/subject/3266617/,2008-11-01,文化艺术出版社,1301人评价,9.0,https://img3.doubanio.com/lpic/s3471863.jpg,电影是什么？
老舍,https://book.douban.com/subject/2032964/,1980年6月,人民文学出版社,1354人评价,9.1,https://img1.doubanio.com/lpic/s3336838.jpg,正红旗下
(法)克利斯提昂.约里波瓦/文 / (法)克利斯提昂.艾利施/图,https://book.douban.com/subject/1899006/,2006-09-01,二十一世纪出版社,1340人评价,9.1,https://img3.doubanio.com/lpic/s9038435.jpg,我想去看海
藤萍,https://book.douban.com/subject/1312997/,2005-04,广西人民出版社,4106人评价,9.0,https://img3.doubanio.com/lpic/s1560012.jpg,香初上舞·终上
藤萍,https://book.douban.com/subject/1276930/,2005-3-1,广西人民出版社,3774人评价,9.0,https://img1.doubanio.com/lpic/s1280729.jpg,香初上舞·再上
赖世雄,https://book.douban.com/subject/4201317/,2010-1,外文出版社,1690人评价,9.6,https://img3.doubanio.com/lpic/s6107711.jpg,美语音标
[英]毛姆,https://book.douban.com/subject/6313524/,2011-5-1,上海译文出版社,2132人评价,9.0,https://img3.doubanio.com/lpic/s6385895.jpg,人生的枷锁
金庸,https://book.douban.com/subject/3532347/,1994-5,生活·读书·新知三联书店,2109人评价,9.6,https://img1.doubanio.com/lpic/s28345048.jpg,金庸全集
毛泽东,https://book.douban.com/subject/1139360/,1991-6,人民出版社,1997人评价,9.1,https://img3.doubanio.com/lpic/s5804333.jpg,毛泽东选集 第一卷
陈鼓应 注译,https://book.douban.com/subject/1051919/,2009-2,中华书局,1356人评价,9.3,https://img3.doubanio.com/lpic/s6286352.jpg,庄子今注今译（全三册）
南怀瑾,https://book.douban.com/subject/2221115/,2007-7,上海人民出版社,1062人评价,9.0,https://img1.doubanio.com/lpic/s2663678.jpg,庄子諵譁（下）
鲁迅,https://book.douban.com/subject/2046909/,1973-12-01,人民文学出版社,2955人评价,9.1,https://img3.doubanio.com/lpic/s2364685.jpg,故事新编
汪曾祺,https://book.douban.com/subject/1444077/,2005-8-1,人民文学出版社,1406人评价,9.2,https://img1.doubanio.com/lpic/s1528318.jpg,汪曾祺小说经典
鸟哥,https://book.douban.com/subject/4889838/,2010-6-28,人民邮电出版社,2143人评价,9.1,https://img1.doubanio.com/lpic/s4399937.jpg,鸟哥的Linux私房菜
[荷]文森特·凡高,https://book.douban.com/subject/4903265/,2010-8,南海出版公司,1455人评价,9.1,https://img1.doubanio.com/lpic/s6204569.jpg,亲爱的提奥
夏宇,https://book.douban.com/subject/1351677/,1991-3-15,現代詩,1392人评价,9.0,https://img3.doubanio.com/lpic/s1381574.jpg,夏宇詩集／腹語術
海子 著 / 西川 编,https://book.douban.com/subject/3610681/,2009-3,作家出版社,6267人评价,9.2,https://img3.doubanio.com/lpic/s3670242.jpg,海子诗全集
罗曼·罗兰,https://book.douban.com/subject/1851058/,1957-1,人民文学出版社,2265人评价,9.1,https://img1.doubanio.com/lpic/s4088678.jpg,约翰·克利斯朵夫（共四册）
（明）汤显祖 著；徐朔方，杨笑杨 校注,https://book.douban.com/subject/1317857/,2005-5-1,人民文学出版社,1461人评价,9.1,https://img1.doubanio.com/lpic/s1340599.jpg,牡丹亭
（英）阿诺德・汤因比,https://book.douban.com/subject/1315199/,2005-4-1,上海人民出版社,1278人评价,9.1,https://img3.doubanio.com/lpic/s1323443.jpg,历史研究
[德] 赫尔曼·黑塞,https://book.douban.com/subject/3578470/,2009-3,上海人民出版社,5940人评价,9.0,https://img3.doubanio.com/lpic/s5988251.jpg,德米安
[苏] 安德烈·塔可夫斯基,https://book.douban.com/subject/1005660/,2003-08,人民文学出版社,3817人评价,9.0,https://img3.doubanio.com/lpic/s10297305.jpg,雕刻时光
罗杰•霍克 (Roger R. Hock),https://book.douban.com/subject/5248516/,2010-8-1,人民邮电出版社,1197人评价,9.3,https://img3.doubanio.com/lpic/s27276912.jpg,改变心理学的40项研究
[俄] 陀思妥耶夫斯基,https://book.douban.com/subject/1088418/,2011-5,人民文学出版社,1122人评价,9.0,https://img3.doubanio.com/lpic/s6537792.jpg,死屋手记
"（黎巴嫩）纪·哈·纪伯伦（Gibran,K.）",https://book.douban.com/subject/1451270/,2006-12,北京出版社,1542人评价,9.2,https://img3.doubanio.com/lpic/s6451765.jpg,纪伯伦诗集
卡里・纪伯伦 / 廖欣,https://book.douban.com/subject/1219090/,2004-9,哈尔滨出版社,1087人评价,9.2,https://img1.doubanio.com/lpic/s3474877.jpg,沙与沫
[意] 普里莫·莱维,https://book.douban.com/subject/20441569/,2013-3,三辉图书/上海三联书店,1212人评价,9.1,https://img3.doubanio.com/lpic/s25808310.jpg,被淹没和被拯救的
[加拿大] 阿利斯泰尔·麦克劳德,https://book.douban.com/subject/26357614/,2015-6,上海文艺出版社,1492人评价,9.0,https://img3.doubanio.com/lpic/s28061231.jpg,海风中失落的血色馈赠
S. A. 阿列克谢耶维奇,https://book.douban.com/subject/26641665/,2015-11,花城出版社,2047人评价,9.0,https://img3.doubanio.com/lpic/s28323992.jpg,切尔诺贝利的悲鸣
[法] 克里斯托弗·加尔法德,https://book.douban.com/subject/26697350/,2016-3,上海三联书店,1755人评价,9.2,https://img3.doubanio.com/lpic/s28453934.jpg,极简宇宙史
[法] 马塞尔·普鲁斯特,https://book.douban.com/subject/10779650/,2012-6,译林出版社,1126人评价,9.1,https://img3.doubanio.com/lpic/s10279533.jpg,追忆似水年华
卡伦·霍尼,https://book.douban.com/subject/6511362/,2011-5,译林出版社,1202人评价,9.0,https://img5.doubanio.com/lpic/s6536156.jpg,我们时代的神经症人格
[哥伦比亚] 加西亚·马尔克斯,https://book.douban.com/subject/26657570/,2016-4-1,南海出版公司,1601人评价,9.0,https://img3.doubanio.com/lpic/s28606305.jpg,活着为了讲述
[白俄] S.A.阿列克谢耶维奇,https://book.douban.com/subject/26704403/,2016-1,中信出版社,3158人评价,8.9,https://img3.doubanio.com/lpic/s28397415.jpg,二手时间
本书编委会,https://book.douban.com/subject/1840859/,2006-3,宗教文化出版社,1152人评价,9.6,https://img3.doubanio.com/lpic/s1714714.jpg,心经
米切尔·恩德,https://book.douban.com/subject/1965464/,2006-12,二十一世纪出版社,1070人评价,9.0,https://img3.doubanio.com/lpic/s26552512.jpg,毛毛
田中芳树,https://book.douban.com/subject/2043828/,1995,台湾尖端出版社,1297人评价,9.4,https://img3.doubanio.com/lpic/s2361994.jpg,银河英雄传说
汪曾祺,https://book.douban.com/subject/4127574/,2000,香港三聯,1908人评价,9.1,https://img1.doubanio.com/lpic/s4048689.jpg,受戒
(法)阿尔贝·加缪,https://book.douban.com/subject/24257486/,2013-8,上海译文出版社,2011人评价,8.9,https://img3.doubanio.com/lpic/s27003183.jpg,局外人
Barbara Demick,https://book.douban.com/subject/4247111/,2010-9-21,Spiegel & Grau,1155人评价,9.1,https://img3.doubanio.com/lpic/s4498750.jpg,Nothing to Envy
李碧华,https://book.douban.com/subject/25737043/,2013-10,新星出版社,1901人评价,9.2,https://img3.doubanio.com/lpic/s27115721.jpg,霸王别姬
[瑞典] 弗雷德里克·巴克曼,https://book.douban.com/subject/26672693/,2015-12,四川文艺出版社,3702人评价,9.1,https://img3.doubanio.com/lpic/s29071620.jpg,一个叫欧维的男人决定去死
史铁生,https://book.douban.com/subject/1029370/,2004-5-1,北京出版社,1072人评价,9.1,https://img3.doubanio.com/lpic/s1257163.jpg,记忆与印象
(印度)泰戈尔,https://book.douban.com/subject/3812771/,2009-6,北京十月文艺出版社,1033人评价,9.1,https://img3.doubanio.com/lpic/s3958385.jpg,新月集·飞鸟集
（美）玛格丽特・米切尔,https://book.douban.com/subject/1017749/,1997-12-01,上海译文出版社,5372人评价,9.3,https://img3.doubanio.com/lpic/s1203052.jpg,乱世佳人(上、下)
三毛,https://book.douban.com/subject/3673672/,2009-4,北京十月文艺出版社,6214人评价,9.0,https://img3.doubanio.com/lpic/s3734480.jpg,温柔的夜
[美] Scott Meyers,https://book.douban.com/subject/1231590/,2001-9,华中科技大学出版社,1276人评价,9.2,https://img3.doubanio.com/lpic/s1441361.jpg,Effective C++中文版
[美] 斯科特·安德森,https://book.douban.com/subject/25883305/,2014-9-1,社会科学文献出版社,1141人评价,9.1,https://img1.doubanio.com/lpic/s27435757.jpg,阿拉伯的劳伦斯
Martin Fowler,https://book.douban.com/subject/4262627/,2010,人民邮电出版社,1147人评价,9.0,https://img3.doubanio.com/lpic/s4157180.jpg,重构
杨小凯,https://book.douban.com/subject/3224929/,2000-7,John Wiley & Sons,1090人评价,9.1,https://img3.doubanio.com/lpic/s26711515.jpg,百年中国经济史笔记
冯友兰,https://book.douban.com/subject/1443887/,2005-10,天津社会科学院出版社,1006人评价,9.0,https://img3.doubanio.com/lpic/s1914405.jpg,中国哲学简史
白谦慎,https://book.douban.com/subject/1784790/,2006-4,生活·读书·新知三联书店,1037人评价,9.0,https://img3.doubanio.com/lpic/s1728390.jpg,傅山的世界
Kenneth A.Reek,https://book.douban.com/subject/3012360/,2008 年4月,人民邮电出版社,1088人评价,9.0,https://img1.doubanio.com/lpic/s2996168.jpg,C和指针
夏宇,https://book.douban.com/subject/1985973/,1987,科华图书出版公司,1018人评价,9.1,https://img3.doubanio.com/lpic/s3245130.jpg,備忘錄
[英] 约翰·穆勒,https://book.douban.com/subject/6397522/,2011-9,广西师范大学出版社,1086人评价,9.4,https://img5.doubanio.com/lpic/s6916856.jpg,论自由
威廉·萨默赛特·毛姆 / (W.S.Maugham),https://book.douban.com/subject/1457778/,1983,江苏人民出版社,1127人评价,9.0,https://img1.doubanio.com/lpic/s1474849.jpg,人性的枷锁
priest,https://book.douban.com/subject/26886310/,2016-11,湖南文艺出版社,2295人评价,9.0,https://img3.doubanio.com/lpic/s29087935.jpg,有匪1
刘和平,https://book.douban.com/subject/1982427/,2007-1-1,人民文学出版社,1170人评价,9.0,https://img1.doubanio.com/lpic/s5757417.jpg,大明王朝1566
王小波,https://book.douban.com/subject/3016270/,2008年1月1日,上海三联书店,1121人评价,9.0,https://img5.doubanio.com/lpic/s2997766.jpg,黄金时代
[美]雅罗姆（Irvin D. Yalom）,https://book.douban.com/subject/1178089/,2004-09-01,中国轻工业出版社,1051人评价,9.0,https://img3.doubanio.com/lpic/s1129075.jpg,给心理治疗师的礼物
桔子樹,https://book.douban.com/subject/6730371/,2011-7-5,宇河文化出版有限公司,1893人评价,9.5,https://img1.doubanio.com/lpic/s6781748.jpg,麒麟之生死與共
张新颖,https://book.douban.com/subject/25897707/,2014-6-1,广西师范大学出版社,1059人评价,9.0,https://img3.doubanio.com/lpic/s27300161.jpg,沈从文的后半生
斯蒂芬A.罗斯,https://book.douban.com/subject/1082512/,2007-1,机械工业出版社,1248人评价,9.4,https://img3.doubanio.com/lpic/s1224024.jpg,公司理财
