关键词,整体指数
先天性睾丸发育不全,0
下部附加前根脊髓动脉缺血症候群,--
髂腹股沟神经干痛,0
阴茎阴囊象皮肿,0
直肠膨出,0
肛廔,--
小儿韦格纳肉芽肿,0
婴儿肢端脓疱病,0
运动员胸背与腰背痛,0
肛裂,2868
膀胱尿道异物,--
婴儿臀部肉芽肿,0
小棘苔藓,0
肛周湿疹,861
老年人前列腺增生症,0
肠炎,2942
神经性肠梗阻综合症,0
肾动脉粥样栓塞,0
急性胆源性胰腺炎,0
暴痢,--
肾髓质囊性病,0
结肠扭转,8
胆管癌,982
先天性肥厚性幽门狭窄,0
轮状病毒性肠炎,92
下消,0
胰岛素瘤,0
工业中毒所致的精神障碍,0
溃疡性结肠炎,1315
妊娠合并肺结核,18
小儿x-连锁淋巴组织增生性疾病,0
小儿再发性呕吐,0
新生儿获得性免疫缺陷综合征,0
继发性腹膜炎,0
分流性高胆红素血症综合征,0
小儿脾大,0
蛔虫病,271
镇痛剂肾病,0
血吸虫肠病,8
石膏综合征,95
斑疹伤寒立克次体肺炎,0
小儿波-杰综合征,--
轮状病毒所致胃肠炎,--
小儿汞中毒,0
肝炎后综合征,1
慢性胰腺炎,373
腹主动脉血栓形成综合征,1
脾破裂,241
网膜原发性节段性梗死,0
腹主动脉腔静脉瘘,0
老年人急性胰腺炎,0
食管源性胸痛,0
肝海绵状血管瘤,0
腹膜后间隙出血,1
淋菌性肛门直肠炎,8
肝病,680
肝外胆管损伤,--
门静脉高压,0
便血,2505
胃出血,1132
网膜肿瘤,1
肝血虚证,0
妊娠合并皮质醇增多症,0
α1抗胰蛋白酶缺乏性肝病,0
细菌性痢疾,533
腹胀,804
肠系膜肿瘤,0
腹膜后血肿,0
大肠息肉,245
胆道蛔虫病,63
横膈下结肠嵌入综合征,1
腹水,925
消化道憩室病,0
小儿慢性胰腺炎,0
小儿再发性腹痛,0
肠出血性大肠埃希杆菌感染,--
浓缩胆汁综合征,0
转移性肝癌,0
十二指肠炎,284
原发性肠系膜肿瘤,0
小儿胃肠道异物及异物性肠梗阻,0
肉孢子虫病,0
暴发性肝炎样综合征,1
先天性胸腹裂孔疝,0
小肠实热,0
胰腺囊肿,295
Brenneman综合征,1
小肠原发性恶性淋巴瘤,--
老年人胆囊癌,--
胰石症,0
吻合口溃疡,53
结直肠损伤,0
自发性腹膜后出血或血肿,--
膀胱憩室,0
先天性胃出口梗阻,0
成人腹股沟斜疝,0
先天性十二指肠闭锁,0
肝脏外伤,--
复发性腹股沟疝,0
婴儿脐疝,180
小儿厌食症,91
朗格汉斯细胞组织细胞增生症,--
肝功能衰竭,219
新生儿呕吐,143
其他类精神活性物质依赖,--
阴道脱垂,0
小儿丙型病毒性肝炎,0
阑尾类癌,0
子满,0
梅毒肾病,0
老年人黏液性瓣膜病,0
新生儿低镁血症,0
葡萄球菌食物中毒,0
肾功能不全,1007
慢性肾衰竭,825
痛风性肾病,0
低血糖综合征,0
持续性植物状态,0
淋巴细胞性垂体炎,0
类固醇5α-还原酶2缺乏综合征,--
植物人,1335
心血管疾病伴发的精神障碍,0
葡萄糖-6-磷酸脱氢酶缺乏症,0
低增生性急性白血病,0
乙胺嘧啶中毒,0
继发性红细胞增多症,0
汗证,0
库欣综合征,959
肝性脊髓病,0
低血糖,2502
著痹,--
脑垂体功能异常伴发的精神障碍,--
老年急性白血病,0
急性粒细胞缺乏,0
妊娠合并红细胞增多症,0
急性失血性贫血,0
免疫缺陷性肺炎,--
锌缺乏病,1
老年人糖尿病性心脏病,--
进行性脂肪营养不良,0
传染性淋巴细胞增多症,0
小儿神经白塞综合征,0
痰厥,0
原发性高血压,329
遗传性运动失调性多发性神经炎,0
高泌乳素血症,318
黏膜相关样组织淋巴瘤,0
i型糖尿病,242
下丘脑疾病,0
癫痫持续状态,0
血友病,2032
家族性混合型高脂血症,0
格林巴利综合征,154
疰夏,140
脐膨出-巨舌-巨大躯体综合征,0
运动诱发哮喘,0
癫痫发作与癫痫综合征,0
老年人糖尿病乳酸性中毒,--
母乳性黄疸,1236
小儿糖尿病,0
蝎子螫伤,0
血栓性浅静脉炎,0
遗传性凝血因子Ⅴ缺乏症,0
硬纤维瘤,0
胸腺小细胞癌,0
继发于严重肝疾患的棘红细胞增多症,--
气性坏疽,300
苯丙酮尿症,1081
静脉炎,794
猛兽伤,--
显微镜下多血管炎,0
脊髓后动脉缺血症候群,0
兽咬伤,0
脑性瘫痪,173
骨纤维异样增殖症,0
大脑大静脉瘤,0
骨血管内皮细胞瘤,0
痣,1821
原发性中枢神经系统淋巴瘤,0
小儿触电与雷击,--
小儿叶酸缺乏病,--
小儿营养不良性水肿,0
手足口病,7513
奶麻,--
小儿抽动秽语综合征,0
小儿发烧,704
夏季热,0
小儿维生素B6缺乏病,--
胸腺类癌,0
儿童孤独症,149
小儿烟酸缺乏病,0
小儿假肥大型肌营养不良,--
裂头绦虫病,0
五迟,0
小儿维生素E缺乏病,--
月劳病,0
罗阿丝虫病,0
猪带绦虫病,0
巨细胞病毒感染症,1
走黄,0
躯体感染伴发的精神障碍,0
小儿多器官功能障碍综合征,0
童年社会功能障碍,0
染色体异常,783
产科播散性血管内凝血,0
血管脂肪瘤,0
产科休克,0
黧黑斑,0
痈,966
管状小汗腺癌,0
产后血虚热,0
单纯性雀斑样痣,0
淋巴管肉瘤,0
神经系统副肿瘤综合征,0
角化棘皮瘤,0
花柳病,708
先天性胸腺发育不全,0
角膜鳞状细胞癌,0
消渴病,0
鲍恩病,0
间充质软骨肉瘤,0
神经性关节病,0
骨巨细胞瘤,0
脉溢,--
灼性神经痛,0
脊椎外伤,0
滑膜炎、痤疮、脓疱病、骨肥厚、骨髓炎综合征,--
神经卡压综合征,8
急性脂肪皮肤硬化症,0
韦格纳肉芽肿,175
真菌性关节炎,0
反应性关节炎,283
巨细胞动脉炎,0
咬螫伤,--
物理性变应性,--
药物性狼疮,0
青春发育延迟及性幼稚,--
骨血管瘤,72
有机磷杀虫药中毒,0
费尔蒂综合征,0
科干综合征,0
多器官功能障碍综合征,0
恶性营养不良病,0
热衰竭,156
拟除虫菊酯类杀虫药中毒,--
中暑痉挛,0
电击,347
自体敏感性湿疹,0
妊娠合并支原体感染,1
癌症疼痛,100
妊娠合并获得性免疫缺陷综合征,--
毒蛇咬伤中毒,0
动脉炎,166
恶性肿瘤,1109
妊娠合并巨细胞病毒感染,1
妊娠合并梅毒,1
儿童郎格汉斯组织细胞增生症,--
吸脂减肥,781
非性病性梅毒,0
淋病,3208
老年跌倒,0
老年人肺炎,0
佝偻症,0
川畸病,0
q热,114
真菌病,0
空调病,328
糖尿病坏疽,122
HIV相关呼吸道感染,0
老年人梅毒性心脏病,--
麻痹性痴呆,0
继发性高血压,0
淤滞性皮下硬化症,0
杀虫脒中毒,0
热射病,372
Ⅲ型超敏反应性疾病,--
系统性血管炎,137
血清病和血清病样反应,--
巨细胞动脉炎和风湿性多肌痛,--
迟发性低丙球血症,--
微病毒B19感染性风湿病,0
血管炎前期综合征,--
风湿性边缘性红斑,--
肝炎病毒相关风湿病,0
复发性皮肤坏死性嗜酸粒细胞血管炎,--
皮肤黏膜淋巴结综合征,0
电烧伤,128
混合性结缔组织病,0
原发性免疫缺陷病,0
肥大细胞增多症,0
骨外尤文氏瘤,0
寒冷性脂膜炎,0
过敏性血管炎和肉芽肿病,--
多发性大动脉炎,163
营养代谢障碍疾病,--
化学烧伤,0
维生素a过多病,0
心性猝死综合征,0
游走性结节性脂膜炎,0
组织细胞吞噬性脂膜炎,0
结节性多动脉炎,0
狼疮样综合征,0
纤维肌痛综合征,0
噪声病,0
结节性液化性脂膜炎,0
抗磷脂抗体综合征,0
回归热型结节性非化脓性脂膜炎,0
节段性透明性血管炎,0
色素性紫癜性苔藓样皮病,0
硬肿症,0
皮肤白细胞破碎性血管炎,0
恶性骨肿瘤,89
多发性肌炎-皮肌炎,--
嗜酸性粒细胞增多-肌痛综合征,0
未分化结缔组织病,0
寄生虫性关节炎,0
复发性多软骨炎,0
非结核性分枝杆菌关节炎,0
血栓性静脉炎,213
多发性骨骺发育不良,0
软骨外胚层发育不全,0
急性血源性骨髓炎,197
软骨发育异常,0
局限性骨脓肿,0
进行性骨干发育不全,0
弥漫性特发性骨肥厚,0
焦磷酸钙沉积病,0
网状青斑和青斑性血管炎,--
先天性半侧肥大,--
银屑病性关节炎,0
化脓性关节炎,192
缺血性坏死,0
假痛风性关节炎,0
脊椎骨质增生,0
色素绒毛结节性滑膜炎,0
肠道感染后反应性关节炎,0
先天性肌缺如,0
纤维性骨炎,0
乙型肝炎病毒性关节炎,0
慢性化脓性骨髓炎,0
赖特综合征,139
骨膜炎,1018
纤维肌痛症,0
非淋球菌性细菌性关节炎,0
铝骨病,0
透析性骨关节病,0
肌萎缩侧索硬化症,117
畸形性骨炎,0
锁骨骨折,580
成人斯蒂尔病,156
软骨发育不全,0
卡斯钦-贝克病,--
骨质软化症与佝偻病,0
肌腱炎和腱鞘炎,0
少年性椎体骨软骨病,0
淀粉样变病和淀粉样关节病,0
滑囊炎,468
甲状旁腺骨营养不良,--
带状角膜病变,0
乳腺癌皮肤转移,0
感染性关节炎,0
骨与关节结核,26
透明细胞软骨肉瘤,0
淋巴瘤引起的肾损害,0
骨肿瘤,299
神经纤维肉瘤,0
肢骨纹状肥大,0
平滑骨肉瘤,0
中枢神经系统淋巴瘤,0
骨神经纤维瘤,0
眼眶转移性肿瘤,0
原发性渗出性淋巴瘤,0
骨软骨瘤,295
骨恶性淋巴瘤,0
恶性肿瘤所致贫血,--
滑膜肉瘤,443
骨血管外皮细胞瘤,0
浆细胞瘤,0
眼眶嗜酸性肉芽肿,0
脂肪瘤,4351
原发性骨淋巴瘤,0
脂肉瘤,--
眼眶非霍奇金恶性淋巴肿瘤,--
汉德-许勒尔-克思斯琴病,--
眼眶神经纤维瘤,0
眼内转移性肿瘤,0
软骨肉瘤,200
脂肪肉瘤,403
软骨瘤,512
骨血管肉瘤,0
卡波西肉瘤,246
上皮样肉瘤,0
骨肉瘤,824
尤因肉瘤,0
韦格纳肉芽肿性巩膜炎,--
骨嗜酸性肉芽肿,0
关节脱位,0
积聚,0
软骨粘液样纤维瘤,0
转移性骨肿瘤,0
获得性免疫缺陷综合征相关淋巴瘤,0
reiter综合征,0
骨蒸,0
癌痛,253
韦格内肉芽肿,1
流痰,--
结节性脂膜炎,62
五脏痹,0
肿瘤,1532
周围神经损伤,0
心肾不交,0
夹色伤寒,--
选择性iga缺乏症,0
遗传性补体缺陷病,0
风湿性多肌痛,0
软骨母细胞瘤,89
苦夏,228
慢性肉芽肿病,0
高尿酸血症,981
银屑病关节炎,0
结节性多动脉炎性巩膜炎,--
羟磷灰石沉积病,0
二水焦磷酸钙结晶沉积症,0
系统性红斑狼疮性巩膜炎,0
局限性硬皮病,0
碱性磷酸钙结晶沉积病,0
中心性软骨肉瘤,0
毒蛇咬伤,153
痛风性关节炎,400
良性纤维组织细胞瘤,0
慢性皮肤粘膜念珠菌病,0
骨质增生,2140
纤维肌痛综合症,0
严重联合免疫缺陷病,0
周围性软骨肉瘤,0
重叠综合征,0
热痹,0
小儿风湿热,44
狼疮肾炎,170
遗传性血管性水肿,0
六瘤,--
过敏性肉芽肿性血管炎相关巩膜炎,--
先天性巨大色素痣,0
皮下脂质肉芽肿病,0
脓包疮,230
血清病,163
毛盘瘤,0
胎肥,--
Ⅳ型超敏反应性疾病,0
蛰伏脂瘤,0
毛囊瘤,0
皮脂腺增生,0
皮肤瘙痒,4301
瘢痕癌,0
基底细胞癌,458
疣状癌,0
房事两感症,--
皮肤淋巴细胞瘤,0
杨梅疮,0
梅毒性角膜病变,0
真菌感染,1273
疔疮,0
口腔癌,1779
疑病症,501
硬皮症伴发的精神障碍,0
精神分裂症,1721
皮痹,0
染色体异常伴发的精神障碍,--
泛发性毛囊错构瘤,0
胎记,1047
人格解体-现实解体综合征,0
围术期伴发的精神障碍,0
转换性障碍,0
多发性肌炎和皮肌炎伴发的精神障碍,--
医用药物中毒所致的精神障碍,0
非依赖性物质伴发依赖,0
产后三冲,0
妊娠合并风湿性心脏病,0
产后三急,0
高催乳素血症,141
蓐劳,0
闭经性头痛,0
妊娠合并类风湿关节炎,0
缢死,0
产后虚羸,0
产后伤食,0
产后痉症,0
妊娠痒疹,118
干血痨,0
产褥中暑,1
妊娠瘙痒性荨麻疹性丘疹及斑块病,0
妊娠疱疹,36
心脾两虚,0
妊娠合并系统性红斑狼疮,0
女性性高潮障碍,0
胎儿生长受限,0
产褥疾病,1
弓形体病性巩膜炎,0
麻风性角膜病变,0
更年期综合症,448
弯曲菌感染,--
泡性眼炎,0
医院内感染,124
异尖线吸虫蚴移行症,1
柯萨奇病毒和埃可病毒感染,--
布氏菌病,0
利斯特菌病,1
诺卡菌性巩膜炎,0
厌氧菌感染,150
衣原体感染症,1
淋病性关节炎,0
诺卡放线菌病,1
立氏立克次体斑疹热,0
巴尔通体病,0
夸赛纳森林病,0
鼠疫,1090
龙线虫病,0
水痘,5989
自由生活阿米巴感染,1
类鼻疽,43
包虫病,475
布氏杆菌病,413
莱姆病性巩膜炎,--
脊髓灰质炎,727
伤寒,1154
假单胞菌感染,1
旋毛虫病,109
中间型链球菌感染,1
芽生菌病,1
梅毒性关节炎,0
组织胞浆菌病,27
并殖吸虫病,0
结核性角膜病变,0
裂谷热,0
结核性巩膜炎,0
苏格兰脑炎,--
战壕热,8
混合性厌氧菌感染,1
肉毒中毒,0
副球孢子菌病,1
疟疾,1564
科罗拉多蜱热,0
淋巴丝虫病,0
黄热病,314
鄂木斯克出血热,0
克里米亚-刚果出血热,--
麻疹,1923
狂犬病,10932
皮肤幼虫移行症,0
小儿营养不良,89
登革出血热,0
莱姆病,504
风疹,1949
婴儿骨皮质增生症,1
白蛉热,0
拉沙热,0
遗传性高尿酸血症,0
疫毒痢,0
小儿变形性肌张力障碍,--
品行障碍,0
足月小样儿,300
小儿麻痹症,855
小儿结核,0
幼年型类风湿病,0
五硬,--
小儿惊厥,300
小儿孤独症,0
小儿淹溺,--
早产儿,1025
小儿维生素c缺乏病,0
小儿维生素d缺乏性手足搐搦症,0
支原体感染,3378
流行性腮腺炎,611
新生儿黄疸,8590
小儿维生素d缺乏性佝偻病,0
新生儿弥散性血管内凝血,0
小儿感染性休克,0
小儿锌缺乏症,0
莱特雷尔-西韦病,--
巨大儿,329
维生素d缺乏性佝偻病,106
小儿抽动症,258
童年情绪障碍,0
婴儿猝死综合征,0
小儿暑温,--
小儿维生素b1缺乏病,0
小儿维生素B2缺乏病,--
小儿碘缺乏病,0
小儿蛋白质-能量营养不良,0
婴儿玫瑰疹,102
小儿维生素a缺乏病,0
多动症,1272
小儿分离性焦虑症,0
小儿急性中毒,0
小儿肥胖通气不良综合征,--
小儿溶血尿毒综合征,0
小儿血清病,0
小儿淀粉样变性病,0
佝偻病,2117
五软,0
小儿贫血,0
小儿铜缺乏症综合征,0
水痘性角膜炎,0
小儿肥胖,35
小儿休克,0
脏寒,0
婴儿闷热综合症,0
脾疳,0
自闭症,3959
小儿短指-球状晶体异位综合征,0
幼年性黄色肉芽肿,0
小儿晚发性维生素k缺乏病,0
学习技能发育障碍,0
小儿伯-韦综合征,0
小儿阿托品类中毒,0
软组织肿瘤,109
烧伤,503
结节性硬化,294
血管瘤,5132
棘突骨折,0
纤维瘤病,0
腹部大血管损伤,0
坏死性筋膜炎,306
梭状芽胞杆菌伤口感染,1
动脉硬化性闭塞症,26
脑萎,0
胸腺癌,196
肌疝,0
急性蜂窝组织炎,90
血管损伤,0
电击伤,0
创伤性骨髓炎,0
热烧伤,1
动脉硬化闭塞症,162
空气栓塞,0
颅内肿瘤伴发的精神障碍,--
老年人恶性心包积液,0
周围动脉瘤,0
先天性肿瘤,1
副肿瘤性边缘系统脑炎,0
脑外伤伴发的精神障碍,0
先天性静脉畸形肢体肥大综合征,--
创伤性骨化性肌炎,--
惊风,0
全面性发作,0
正常颅压脑积水,0
小儿内脏幼虫移行症,0
中风后遗症,258
脑痨,0
迪格奥尔格综合征,0
巨大血小板病,0
家族性高胆固醇血症,0
胶质细胞瘤,0
氨气中毒,96
小儿肌阵挛性癫痫,0
肥胖性生殖无能综合征,0
周期性麻痹,233
老年人乳头肌功能不全和断裂,--
母儿血型不合溶血病,1
先天性肺发育不全,0
混合型慢性高原病,0
慢性肾性贫血,0
小颌畸形综合征,0
类风湿性关节炎的肾损害,--
先天性风疹,1
小儿巨大血小板综合征,--
冷抗体型自身免疫性溶血性贫血,0
粘多糖沉积病,0
动脉粥样硬化,1146
慢性血源性骨髓炎,0
类白血病反应,0
带状疱疹性角膜炎,0
小儿抗利尿激素分泌异常综合征,--
吉特林综合征,--
垂体性矮小病,0
老年人心脑综合征,0
进行性色素性紫癜性皮病,0
脊髓空洞症,234
糖尿病酮症酸中毒,692
老年休克,0
镁缺乏症,0
中暑衰竭,0
老年人慢性粒细胞白血病,--
军刀综合征,--
获得性血小板功能障碍,--
遗传性粪卟啉病,0
组织细胞坏死性淋巴结炎,0
全身黏液性水肿,--
性早熟,516
白血病伴发的精神障碍,0
血友病甲,94
阳虚发热,0
酚类中毒,--
肝素诱导性血小板减少症,0
热带痉挛性轻截瘫,0
瘫痪,447
亚临床型克汀病,0
囊性纤维化,163
隐球菌病,18
巨幼细胞性贫血,276
功能性下丘脑性闭经,0
伤风,321
阿片中毒,0
新生儿低血糖症与高血糖症,1
己糖激酶缺乏症,--
流感病毒肺炎,0
先天性红细胞生成异常性贫血,0
代谢性白内障,0
慢性髓细胞白血病,0
遗传性球形红细胞增多症,0
原发性混合型冷球蛋白血症性血管炎,0
青年人中的成年发病型糖尿病,--
脱水,612
三痹,--
小儿慢性粒细胞白血病,--
吐失,--
血管性血友病,138
中性粒细胞减少症,0
念珠菌病,123
妊娠合并再生障碍性贫血,0
冷凝集素综合征,0
原发性高脂蛋白血症与黄瘤增生病,--
急性骨髓性白血病,0
致死性家族性失眠症,0
近端Ⅱ型肾小管性酸中毒,--
肌张力障碍综合征,0
多发性肌炎,308
适应障碍,98
移植后淋巴增殖性疾病,--
新生儿低钙血症,97
流感嗜血杆菌感染,0
遗传性铁粒幼细胞性贫血,--
非酮症高血糖-高渗性昏迷,--
小儿库欣综合征,0
血管性痴呆,237
呼吸衰竭,973
植物神经紊乱,1143
烧伤感染,0
颅内静脉窦闭塞性颅高压,--
戒酒综合征,0
肿胀,327
遗传性凝血因子Ⅹ缺乏,--
脾虚泄泻,0
急性呼吸衰竭,157
眼睑痉挛-口下颏部肌张力障碍,0
妊娠舞蹈病,0
乙醚中毒,0
假性高血压,0
小儿结核病,73
淋巴细胞减少症,0
颤证,0
原发免疫性疾病相关的淋巴增殖性疾病,--
妇产科静脉血栓病,0
脑型血吸虫病,0
新生儿出血症,0
马尔堡病毒病,0
黑热病,266
支气管发育不全,0
维斯科特-奥尔德里奇综合征,--
老年人急性左心衰竭,--
体温过低,278
抗利尿激素分泌异常综合征,0
反应性浆细胞增多症,0
脉管炎,1026
特发性震颤,0
肌病,131
气性坏疽病,0
丙酮酸激酶缺乏症,0
马桑果中毒,0
阴沟肠杆菌感染,0
原发性纤维蛋白溶解症,0
咳嗽晕厥综合征,0
心功能障碍,0
全身性特发性毛细血管扩张症,--
懒惰白细胞综合征,--
脂膜炎,260
老年人先天性心血管疾病,0
亚急性坏死性脊髓炎,0
低渗性脱水,0
氨基酸代谢病,0
Shy-Drager综合征,0
产后精神病,0
小儿无甲状腺性克汀病,--
小儿遗传性痉挛性截瘫,0
特发性低促性腺激素性性腺功能减退症,0
急性海绵窦栓塞性静脉炎,--
小儿成人型慢性粒细胞白血病,--
ADH分泌过多综合征,--
系统性红斑狼疮,2002
血红蛋白m病,0
放射性心脏损害,--
嗜铬细胞瘤,687
腺样囊性癌,0
奎宁中毒,0
黏多糖贮积症,0
五氯酚钠中毒,0
高原性心脏病,0
过敏性肺炎,0
遗传性血色病,0
老年人低血糖昏迷,0
急性淋巴结炎,0
神经型食物中毒,0
锰中毒,119
遗传性高铁血红蛋白血症,0
早孕反应,3855
呼吸性碱中毒,475
妊娠合并原发性高血压,0
妊娠合并糖尿病,163
工业毒物中毒性周围神经病,--
小儿多发性内分泌腺瘤Ⅱ型,0
营养障碍性多发性神经病,0
木薯中毒,0
多发性末梢神经炎,17
小儿肾性贫血,--
白细胞葡萄糖-6-磷酸脱氢酶缺乏症,--
小儿发作性舞蹈手足徐动症,0
西伯利亚立克次体斑疹热,0
肌张力障碍,209
先天性白血病,0
钡中毒,0
惠普尔病,--
结节性硬化病,26
先天性动静脉瘘,0
无机磷中毒,0
微小病毒感染,0
特发性血小板减少性紫癜,588
强直性脊柱炎,4231
内分泌失调,2171
吸烟中毒症,0
症状性癫痫综合征,0
慢惊风,0
行军性血红蛋白尿,0
毛细血管扩张性环状紫癜,0
a链球菌群感染,0
电脑病,65
HUGHES-STOVIN综合征,0
高钾血症,905
婴儿期短暂性低丙球蛋白血症,0
法布里病,0
躁狂症,535
气管食管瘘,0
糖原贮积病Ⅱ型,0
血卟啉病,366
闭塞性动脉硬化,0
阿根廷出血热,0
创伤性心源性溶血性贫血,0
厥脱,0
醛固酮缺乏症,--
雷凡斯坦综合征,--
羊水与胎粪吸入综合征,0
乳酸性酸中毒,0
尼兹诺夫综合征,--
遗传性凝血因子Ⅶ缺乏,--
特发性迟发性免疫球蛋白缺乏症,0
中性白粒细胞减少症,--
丹吉尔病,0
糖尿病性视网膜病变,0
药物性心肌病,0
老年人肺栓塞,0
新生儿败血症,577
遗传性椭圆形红细胞增多症,0
鱼胆中毒,0
小儿出血性疾病,0
运动障碍疾病,0
新生儿惊厥,210
流行性出血热,615
再生障碍性贫血,1449
附红细胞体病,0
多巴反应性肌张力障碍,0
苯丙胺中毒,0
心尖肥厚型心肌病,0
绝经期关节炎,0
杀鼠剂中毒,0
葡萄球菌感染,0
闭经溢乳综合征,0
妊娠合并重症肌无力,0
进行性肌营养不良症,365
迷走神经损伤,0
遗传性出血性毛细血管扩张症,0
小儿特发性血小板减少性紫癜,0
老年性舞蹈病,0
慢性粒细胞性白血病,0
甲状腺功能减低所致贫血,0
副神经损伤,0
儿童白血病,0
癫痫,2735
真菌性食物中毒,0
心脏直视手术所致神经疾病,--
低血压,3396
上气道梗阻,0
尿毒症昏迷,0
链球菌中毒性休克综合征,0
敌鼠中毒,0
拟除虫菊类农药中毒,--
巨球蛋白血症,0
损伤性休克,0
溃疡性结肠炎性关节炎,--
抗活化的蛋白C症,0
肺嗜酸性粒细胞浸润症,0
经行发热,0
家族性异常β脂蛋白血症,0
过敏性休克,413
硬脊膜下脓肿,0
球形肺炎,0
阴痹,--
脂肪营养不良,0
消散延迟性肺炎,0
获得性循环抗凝物质增多症,0
巴贝虫病,0
糖尿病性周围神经病,0
营养代谢疾病伴发的精神障碍,0
遗传性蛋白S缺陷症,0
干燥综合征,485
周围神经炎,356
猫抓病,247
出血性疾病,0
肌强直性肌病,0
痛风性心肌病,0
高原适应不全症,0
白血病,5699
亨廷顿病,0
湿痹,0
无功能垂体腺瘤,--
先天性红细胞膜病,0
食物变应性和不耐受性,0
同种免疫性新生儿血小板减少性紫癜,--
淋巴瘤细胞白血病,0
肝豆状核变性,694
萎缩侧索硬化,0
骨关节炎,490
老年人特发性肺纤维化,0
休克,1147
阴虚发热,0
铍中毒,0
交感神经链综合征,0
家族性红细胞增多症,0
肺动脉发育不全,0
多发性神经炎,125
纵隔囊肿,0
感染性休克,428
毛细胞白血病,0
地中海贫血,7926
继发性血小板增多症,0
铁中毒,0
小儿肾小管性酸中毒,1
甲状旁腺功能减退性心肌病,0
进行性核上性麻痹,0
腹壁疝,0
小儿格林巴利综合症,1
高危妊娠,283
盆腔肿瘤,0
胃肠供血不足,--
结直肠癌,297
药物免疫性血小板减少性紫癜,--
克-雅氏病性痴呆,--
放射性直肠炎,35
蓝色橡皮泡痣综合症,0
低钾血症,1050
肝吸虫病,151
甲型h1n1流感,175
恶性萎缩性丘疹病,0
格林-巴利综合征,0
髓过氧化物酶缺乏症,0
肺炎链球菌败血症,0
内脏损伤,--
多腺体缺陷综合征,0
肺性脑病,0
躯体感觉障碍,0
气管炎,1288
胆囊胆固醇沉着症,0
poems综合征,221
胃溃疡恶变,0
血脂异常,170
炎症性肠道疾病及其伴发的葡萄膜炎,0
急腹症,0
铅中毒,798
阑尾腺癌,0
肝肿瘤,0
小儿肾母细胞瘤,0
获得性维生素k依赖性凝血因子异常,0
肺泡微结石症,0
先天性梅毒性肝硬化,0
中性粒细胞增多症,0
异源内分泌综合征,0
网状青斑,0
应激性溃疡,283
夜间哮喘,0
神经元蜡样脂褐质沉积症,0
副肿瘤性脊髓病,--
肌萎缩性侧索硬化,18
重症院内获得性肺炎,--
脑动脉硬化伴发的精神障碍,0
珠蛋白生成障碍性贫血,0
流行性角膜结膜炎,0
新生儿溶血病,185
营养性巨幼红细胞性贫血,0
原卟啉病,0
亨廷顿病性痴呆,0
鹦鹉热,0
马方综合征,272
壮热,0
菌血症,493
药物过敏,417
线粒体脑肌病,261
瘴疟,0
松毛虫性骨关节炎,0
结核性脊髓炎,0
药物性呼吸衰竭,--
妊娠合并癫痫,0
心血虚,0
癫痫性精神障碍,0
痛风,10757
高渗性脱水,444
镰状细胞性肾病,0
暴发性紫癜,0
煎厥,0
非甲状腺性的病态综合征,--
老年人非霍奇金恶性淋巴肿瘤,--
糖尿病乳酸性酸中毒,0
腹膜肿瘤,0
腹壁纤维肉瘤,0
亚临床甲状腺功能减退症,0
前列腺肉瘤,0
阑尾肿瘤,0
胆源性慢性胰腺炎,0
交肠,0
老年人肺结核病,--
脑肺吸虫病,0
轻链病与轻链沉积病,--
神经炎,798
恶性高血压,0
拉福拉病,--
三环类抗忧郁药中毒,0
多灶性运动神经病,0
阿尔茨海默病,748
回归热,203
葡萄胎,2459
早产,613
非特异性系统性坏死性小血管炎,--
痿病,0
子喑,--
胰岛功能性β细胞瘤,0
少腹如扇,--
软产道异常性难产,0
腹腔妊娠,409
脐带脱垂,0
产力异常性难产,--
行经泄泻,1
持续性输卵管妊娠,0
无排卵性不孕症,34
持续性枕后位难产,0
肺栓塞,1108
急性早幼粒细胞白血病,0
子宫肌瘤,13220
维生素A缺乏神经病,0
子悬,0
走哺,0
异常γ-球蛋白血症,0
微血管病性溶血性贫血,0
磷脂酰胆碱-胆固醇酰基转移酶缺乏,--
太阳病,168
老年人慢性疾病性贫血,--
灭虫灵中毒,0
遗传性凝血酶原缺乏,--
血色病性骨关节病,0
嘧啶5′-核苷酸缺乏症,--
脊髓梗死,0
肾上腺意外瘤,0
老年人不稳定型心绞痛,--
暑湿,0
肾性糖尿,0
阵发性冷性血红蛋白尿,0
嗜酸粒细胞增多症,0
过敏性哮喘,822
镇静、安定、催眠药中毒,--
急性呼吸窘迫综合征,341
低血糖症,161
高血脂,1299
红斑狼疮,3699
脑棘球蚴病,0
卵巢恶性腹膜间皮瘤,0
单纯性肺嗜酸性粒细胞浸润症,--
妊娠合并病毒性肝炎,9
产前检查,328
α-贮存池病,--
线粒体病,135
姜片虫病,8
肝瘟,0
溶组织内阿米巴病,1
血吸虫病,587
湿热痢,0
白痢,0
先天性风疹综合征,1
肝炎,2044
小儿糖原贮积病Ⅲ型,--
氯丙嗪类中毒,0
糖尿病心脏病,0
婴幼儿胃食管反流,0
小儿热性惊厥,0
黄曲霉素中毒,63
成人T细胞白血病,0
瑞氏综合症,53
散发性脑炎伴发的精神障碍,0
自身红细胞过敏性紫癜,--
慢性淋巴细胞白血病,334
羰基镍中毒,0
肺组织细胞增生症,0
妊娠合并血栓性血小板减少性紫癜,0
原发性单克隆球蛋白病肾损害,--
锌中毒,0
小儿继发性免疫性血小板减少性紫癜,--
肺转移瘤,0
小儿囊性纤维性变,0
多系统萎缩,0
外科淋巴管瘤,0
虚劳,197
神经系统遗传病,0
遗传性抗凝血酶Ⅲ缺乏症,--
淋巴水肿,200
脐部脐肠系膜管息肉,0
小儿腹泻,386
睾丸女性化,0
遗传性痉挛性截瘫,0
系统性红斑狼疮所致脊髓病,0
异位急性阑尾炎,0
小儿克罗恩病,0
急性全自主神经失调症,0
吞噬功能缺陷病,0
小儿黏多糖贮积症,0
小儿胃炎,0
小儿甲基丙二酸血症,0
小儿消化性溃疡,1
婴儿肠痉挛,94
小儿粘连性肠梗阻,0
小儿肠套叠,223
小儿巴德-吉亚利综合征,--
小儿丙酸血症,--
小儿便秘,292
虫积,0
小儿呕吐,244
小儿糖原贮积病Ⅸ型,--
小儿先天性高氨血症,--
小儿动力性肠梗阻,0
小儿乳糜泻,0
类固醇肌病,1
小儿皮肤黏膜淋巴结综合征,0
小儿蛔虫性肠梗阻,0
小儿腹胀,0
婴幼儿腹泻,123
合并马蹄肾的腹主动脉瘤,0
嗜酸性细胞增多症,0
铁利用性贫血,0
胰腺脓肿,0
先天性腹壁肌肉发育不良,0
小儿帕套综合征,0
胰岛细胞类癌,0
胆胀,0
特发性大网膜节段性梗死,--
转移性小肠肿瘤,0
腹股沟滑动疝,0
肝血管肉瘤,0
梅克尔憩室,0
先天性肠闭锁,0
胰腺囊腺癌,0
老年人原发性肝癌,--
大肠平滑肌肉瘤,0
小肠扭转,0
肠绦虫病,0
妊娠合并尿石症,--
老人腹股沟斜疝,0
膀胱外翻,0
脐膨出-巨舌-巨体综合征,0
结肠平滑肌瘤,0
膀胱平滑肌肉瘤,0
小儿腹股沟斜疝,0
坐骨疝,0
白线疝,106
脾脏转移性肿瘤,0
胰高血糖素瘤,0
直肠重复畸形,0
血栓性血小板减少性紫癜,220
锑中毒,0
红细胞生成性卟啉病,0
急性间质性肺炎,0
环状胰腺,0
腹壁挫伤,0
小肠重复畸形,0
汽油中毒,0
破伤风,4878
神思间病,--
特发性嗜酸性粒细胞增多综合征,--
小肠过敏性紫癜,0
多发性内分泌肿瘤综合征Ⅰ型,0
结直肠血管瘤,0
过敏性紫癜肾炎,163
放射病,0
脊髓缺血性疾病,0
类脂质蛋白沉积症,0
乙酰苯胺类中毒,0
肠系膜动脉瘤,0
胆道华支睾吸虫病,0
十二指肠腺癌,0
腹直肌鞘内血肿,--
膀胱嗜铬细胞瘤,0
直肠脱垂直肠壁内疝,0
乳糜腹,0
腹主动脉瘤,0
小肠平滑肌肉瘤,0
结肠类癌,0
先天性结肠狭窄和闭锁,0
急性结石性胆囊炎,0
胰痈,0
胆肠内引流术后内疝,--
腹股沟直疝,0
假性肠梗阻,0
膀胱上内疝,0
肝血管平滑肌脂肪瘤,0
腹壁硬纤维瘤,0
盲肠旁疝,--
妊娠合并阑尾炎,46
小儿肝肿瘤,--
老年人高渗性非酮症糖尿病昏迷,--
呼吸性酸中毒,412
慢性胆管炎,34
夹阴伤寒,0
脐膨出,0
小肠脂肪瘤,0
偏瘫,436
重链病,0
溶血尿毒综合征,112
神经节苷脂沉积病,0
腹裂,0
嗜碱性粒细胞增多症,0
小儿低心排出量综合征,0
骨髓痨性贫血,0
血红蛋白C病,0
垂体卒中,0
急性坏死出血性脑脊髓炎,--
老年人甲状腺功能亢进症,--
螺菌病,0
鼻疽,0
步态异常,0
Nezelot综合征,0
生长激素缺乏症,134
滑石粉尘肺,0
蓖麻子中毒,0
创伤性休克,0
遗传性异常纤维蛋白原血症,0
继发性骨髓纤维化,0
铊中毒,333
强直性肌营养不良症,0
高脂蛋白血症,0
脾脏原发性恶性肿瘤,0
戈登综合征,0
心气虚,0
播散性血管内凝血,0
婴幼儿脐疝,0
复合型酸碱失衡,0
小儿赖氏综合征,0
医源性胆管损伤,0
肠结,0
胰腺异位,0
先天性肝内胆管囊状扩张症,0
胰腺肉瘤,0
小肠血管畸形,0
腹主动脉动脉瘤破裂,0
门静脉血栓形成,0
外伤性脾破裂,0
伏梁,0
老年人胃癌,--
十二指肠旁疝,0
小网膜囊疝,0
肝母细胞瘤,303
先天性胸骨后膈疝,0
原发性腹膜癌,0
生长激素释放抑制素瘤,--
腹腔干动脉瘤,0
肝错构瘤,0
大肠腺瘤,0
胸腹主动脉动脉瘤,0
腹茧症,0
重症肌无力危象,133
大网膜囊肿,0
迟发性运动障碍,0
坐骨直肠窝脓肿,0
老年痴呆,1211
急性肺源性心脏病,0
先天性胆管囊状扩张,0
颞叶癫痫,137
Zieve综合征,0
等渗性脱水,0
妊娠期糖尿病,1042
吉兰-巴雷综合征,0
水、电解质紊乱伴发的精神障碍,--
全身化脓性感染,--
利德尔综合征,--
castleman病,196
人类t淋巴细胞病毒感染,0
吉尔伯特综合征,27
糖原贮积病Ⅰ型,0
恙虫病性肺炎,0
巨人症,336
神经性肌强直,0
放射性肾炎,0
大肠脂肪瘤,0
石棉肺,0
血色病,0
风湿热,547
遗传性纤维蛋白原缺乏症,0
肠系膜血管缺血性疾病,0
肥大细胞白血病,0
高温引起的溶血性贫血,0
淋球菌性腹膜炎,0
横结肠扭转,0
肝棘球蚴病,63
小儿肝母细胞瘤,0
小肠平滑肌瘤,0
胆囊良性肿瘤,0
膀胱腺癌,0
十二指肠重复畸形,--
阑尾炎,4822
胞痹,0
嵌顿性腹股沟斜疝,0
空鞍综合征,0
急黄,0
胰腺囊腺瘤和囊腺癌,0
肠系膜上动脉血栓形成,0
共济失调,453
维生素B12缺乏所致贫血,--
棉子中毒,0
风温,0
二硫化碳中毒,0
水合氯醛中毒,0
镍中毒,0
急性动脉栓塞,0
诺卡菌病,0
中枢神经系统白血病,0
高血压病伴发的精神障碍,0
甲状旁腺功能减退症,0
致心律失常性右室心肌病,0
血小板促凝活性异常,0
曼陀罗中毒,0
包涵体肌炎与遗传性包涵体肌病,--
小儿高黏稠综合征,0
催乳素瘤,8
脊髓梅毒,0
老年人高钾血症,0
类肺炎性胸腔积液,0
多系统器官功能衰竭,0
不随意运动,0
光化性角化病,0
急性化脓性脊髓炎,0
局部麻醉药中毒,0
高血压危象,632
急性杂合性白血病,0
淋巴癌,2543
糖原累积病,100
小儿高血压,98
非霍奇金淋巴瘤,668
老年人变异型心绞痛,0
癫病,0
糖尿病神经病变,0
瞀瘛,0
硫化血红蛋白血症,0
坏死性结节病样肉芽肿病,--
椎-基底动脉盗血综合征,0
小儿戈谢病,0
急性嗜酸性粒细胞性肺炎,--
斜疝,230
内伤发热,77
门静脉高压症,190
脾动脉瘤,0
肠风,0
十二指肠先天性狭窄,--
肝脏类癌,0
症瘕,0
胆囊结石,1280
肝上皮样血管内皮细胞瘤,0
经腹会阴直肠癌根治术后盆底腹膜疝,--
主动脉肠道瘘,0
息积,0
胰腺多肽瘤,0
腹腔肺吸虫病,0
原发性肝脂肪肉瘤,0
腹直肌自发性破裂,0
非闭塞性肠系膜血管缺血,0
短肠综合征,0
小儿槭糖尿病,--
胰腺瘘,0
小肠腺瘤,--
胆囊平滑肌肉瘤,0
腹膜后纤维化,0
直肠前突,0
肝动脉闭塞,0
出血性休克和脑病综合征,1
疝气,4001
胰瘘,0
先天性肠旋转不良,0
老年人大肠肿瘤,--
腹股沟疝,643
肠子宫内膜异位,0
小肠类癌,0
肝破裂,145
高渗性非酮症性糖尿病昏迷,--
败血症,2603
十二指肠外瘘,--
老年人高钠血症,0
腹腔室隔综合征,0
霍奇金淋巴瘤,0
小儿脾外伤,--
外伤性胆管损伤,0
血管母细胞瘤,0
难治性癫痫,0
风湿病性贫血,--
单纯红细胞再障性贫血,0
老年性紫癜,0
妊娠合并淋巴瘤,0
小儿低血糖,0
维生素e缺乏病,0
全植物神经功能不全,0
无胆色素尿性黄疸综合征,0
百草枯中毒,329
非霍乱弧菌感染,1
先天性长结肠,0
腹股沟斜疝,0
急性梗阻性化脓性胆管炎,0
肠系膜囊肿,0
腹壁间疝,0
肠郁,0
感染性腹主动脉瘤,0
十二指肠平滑肌肉瘤,0
胆囊类癌,0
小肠血管瘤,0
外伤性腹膜后出血或血肿,0
膀胱鳞状细胞癌,0
胆囊息肉,5271
海绵状血管瘤血小板减少综合征,--
腹膜后肿瘤,218
盲肠扭转,--
肝脏血管瘤,984
不稳定血红蛋白病,0
胆道蛔虫病与肝蛔虫病,0
大网膜粘连综合征,0
小肠腺癌,0
血吸虫病与肝胆疾病,--
预防接种,272
肝动脉瘤,0
胃肠道间质瘤,203
结肠血管扩张症,0
胆管结石,624
乙状结肠造口旁沟疝,0
直肠闭锁,0
先天性小肠闭锁和肠狭窄,0
胰多肽瘤,0
切口疝,179
脾良性肿瘤,0
类癌综合征,0
鞘膜积液,1071
内脏动脉慢性闭塞,0
十二指肠类癌,0
切除术后内疝,0
胆道肿瘤,0
小肠纤维瘤,0
急性肠系膜上静脉血栓形成,0
肤胀,0
创伤性膈疝,0
十二指肠良性肿瘤,0
十二指肠内瘘,--
肝纤维板层癌,0
酒胀,0
胰腺外伤,0
肠系膜裂孔疝,0
维生素b6依赖综合征,1
腰三横突综合症,0
腹壁血栓性静脉炎,0
阿洪病,0
药疹,385
系统性硬化症,0
紫癜性扁平苔藓,0
猩红热样红斑,0
遗传性硬化性皮肤异色症,0
硒及其化合物引起的皮肤病,--
痒性紫癜,0
原发性十二指肠恶性淋巴瘤,0
种痘并发症,0
暗色丝孢霉病,0
硬化性脂肪肉芽肿,0
先天性毛细血管扩张性大理石样皮肤,--
外源性光感性皮炎,--
掌跖脓疱病,270
自身免疫性孕酮性皮炎,--
中毒性红斑,0
亚急性结节性游走性脂膜炎,0
萎缩性毛周角化病,0
小儿丘疹性肢皮炎综合征,0
药物或化学物质所致的色素沉着,0
土肥对称性肢端色素沉着症,--
增殖性红斑,0
线状iga大疱性皮肤病,0
咽扁桃体肥大,0
老年人脱水,--
老年人细菌性脑膜炎,0
臭汗恐惧症,0
老年期谵妄,0
老年人低钠血症,0
疾病恐怖,0
老年人低钾血症,0
脾劳,--
家族性抗维生素d佝偻病,0
妊娠高血压疾病,0
巨细胞病毒病,0
肌肉肌腱单位的急性损伤,0
附睾畸形,0
人工关节置换术后关节感染,0
放射性脊髓病,0
幼淋巴细胞白血病,0
汽油、煤油中毒,--
其他晶体性关节病,--
急性脓肿,0
甲氨蝶呤相关的淋巴增殖性疾病,--
中毒性休克综合征,0
肌无力综合征,0
感染性血小板减少性紫癜,0
急性纵隔炎,0
盐敏感性高血压,0
急性化脓性胆管炎,0
疣状肢端角化病,0
老年人结肠息肉,--
大动脉炎,291
异尖线虫病,0
溴中毒,0
肠肿瘤,0
间插血吸虫病,0
mirizzi综合征,0
胆汁返流性胃炎,211
鞭虫病,0
B链球菌群感染,--
着色芽生菌病和暗色丝孢霉病,0
门脉高压性肠病,0
小肠损伤,0
肝脓肿,461
憩室病,0
腹膜后感染与脓肿,1
残胃淋巴瘤,0
turcot综合征,0
真菌性肠炎,66
肛管、直肠、结肠狭窄,--
股外侧皮神经病,0
铁线虫病,0
巨大肥厚性胃炎,0
寻常性鱼鳞病,0
小儿原发性腹膜炎,0
新生儿暂时性脓疱性黑变病,0
腹膜炎,677
先天性感觉性神经病,0
细菌性肝脓肿,142
成人肥大性幽门狭窄,0
油彩皮炎,0
着色芽生菌病,0
荨麻疹型药疹,0
寻常痤疮,0
先天性大疱性鱼鳞病样红皮病,0
硬化萎缩苔藓,0
疣状表皮发育不良,276
苔藓样念珠状疹,0
炎症后黑变病,0
遗传性对称性色素异常症,0
炎症后弹力纤维松解伴皮肤松弛,0
遗传过敏性皮炎,0
眶骨膜下脓肿,0
脑干胶质瘤,0
前房积血,0
化脓性骨髓炎,141
眼外肌病及弱视,0
嗜碱性粒细胞白血病,0
抽动症,1200
艾滋病,9112
失血性休克,350
脊髓缺血,0
急性间歇性卟啉病,0
小儿下丘脑错构瘤,0
对乙酰氨基酚中毒,0
霍奇金病,200
高血压脑病,336
苍耳中毒,--
硼酸中毒,--
糖尿病,15172
肾疳,0
妊娠合并白血病,0
心血管和血栓栓塞综合征,0
郎-奥韦综合征,1
腹卒中综合征,1
抗胰蛋白酶缺乏症,0
致死性肝内胆汁淤积综合征,0
老年人上消化道出血,0
胃炎,5170
腹膜后疝,1
结肠脂肪瘤,17
化脓性门静脉炎,0
锌及其化合物引起的皮肤病,--
小儿急性出血性坏死性肠炎,0
急性胆囊炎,484
肠道病毒71型感染,0
丁型病毒性肝炎,1
额外肾,0
阿米巴肝脓肿,144
胃潴留,242
胃粘膜脱垂症,1
小儿盘肠气痛,0
硬脑膜动静脉瘘,0
小儿非内脂性网状内皮增殖综合征,--
脓毒症,493
虫证,0
软组织损伤,519
老年人白细胞减少症和粒细胞缺乏症,--
嗜酸性筋膜炎,0
肺间质纤维化,150
心脏瓣膜病,289
小儿获得性免疫缺陷综合征,0
阿斯匹林不耐受三联症,0
代谢综合征,370
淀粉样变病,0
棘突滑囊炎,0
颅骨骨折,0
麻风性葡萄膜炎,0
斯特奇-韦伯综合征,--
眼睑皮肤弛缓症,0
小儿脉络丛乳头状瘤,--
小儿大脑半球胶质瘤,0
金黄色葡萄球菌性边缘性角膜炎,0
混合结缔组织病,17
特发性青春期延迟,--
小儿急性髓样白血病,--
小儿非霍奇金淋巴瘤,0
团癣,--
囊虫病,208
溶血性贫血,822
CD30阳性皮肤T细胞淋巴瘤,--
蛙粪霉病,0
骨折,1233
兰伯特-伊顿综合征,0
小儿糖吸收不良,--
friedreich型共济失调,0
鱼肝中毒,0
小儿低钠血症,0
弥漫性空回肠溃疡,0
铋中毒,0
胰石病,--
糖尿病性胃轻瘫,0
大肠湿热,0
失盐性肾炎,0
小儿家族性非溶血性黄疸综合征,0
急性胃粘膜病变,109
肝性脑病,1027
肝肺综合症,17
原发性小肠溃疡,0
气瘤,--
肠息肉,1078
新生儿消化道重复症,0
功能性呕吐,0
妊娠合并肝硬化,0
贲门癌,1024
溃疡病大出血,--
妊娠合并急性胆囊炎,1
结肠粪性穿孔,0
老年人消化性溃疡,0
脂肪肝,6330
十二指肠损伤,0
胃反应性淋巴增生,0
下疳样脓皮病,0
胆囊-结肠肝曲粘连综合征,0
膈下脓肿,121
恙螨皮炎,0
金疮,0
石棉状糠疹,0
肝性卟啉病,0
脾囊肿,0
汗管瘤,1062
家族性进行性色素沉着,0
天疤疮,0
玫瑰糠疹,3003
皮肤平滑肌瘤,0
人乳头瘤病毒感染,0
面部粟粒性狼疮,0
皮肤瘙痒症,224
史-约综合征,--
锑及其化合物引起的皮肤病,0
副牛痘,0
芽生菌病样脓皮病,0
继发性皮肤cd30阳性大细胞淋巴瘤,0
水蛭咬伤,0
血管内大b细胞淋巴瘤,0
血瘤,0
汗孔周围炎及多发性汗腺脓肿,--
贫血,3589
血小板无力症,0
感染性疾病所致贫血,--
小儿热带巨脾综合征,0
低镁血症,0
褐黄病,0
外源性变应性肺泡炎,0
遗传性凝血因子Ⅺ缺乏,--
细菌协同性坏疽,0
组织细胞增殖症,1
放射性肠炎,121
原发性甲状旁腺功能亢进症与肾病,--
白血病肾损害,0
窦性组织细胞增生伴巨大淋巴结病,--
获得性血友病,0
门静脉高压性胃病,0
cm1神经节苷脂贮积症,0
暴发性肝功能衰竭,0
血友病乙,0
肠系膜淋巴结结核,1
阿米巴痢疾,441
甲型病毒性肝炎,0
结肠癌,1814
残胃癌,135
胃平滑肌肉瘤,0
妊娠合并急性胰腺炎,0
小肠虚寒,0
大网膜肿瘤,0
胃纳呆滞,0
慢性胆囊炎,443
胃病,1111
门静脉海绵样变,0
新生儿坏死性小肠结肠炎,0
炎性肠病性关节炎相关巩膜炎,0
小儿砷中毒,0
肠梗阻,3235
老年人急腹症,--
巨膀胱-小结肠-肠蠕动不良综合征,--
胆总管结石,0
小肠异物,0
志贺菌病,1
小儿贾第虫病,0
小儿先天性肝囊肿,0
手术后反流性胃炎,--
胃肠道伴癌综合征,--
腹壁坏死性筋膜炎,0
二氧化氮中毒,0
肝豆状核变性伴发的精神障碍,0
小儿急性胰腺炎,1
盲袢综合征,80
胃泌素瘤,270
红皮病,260
恶心和呕吐,0
汞皮炎,0
结节性红斑,844
脑肝肾综合征,1
夏季皮炎,202
皲裂疮,0
发疹性毳毛囊肿,0
粉刺样痣,1
叠瓦癣,0
赤白游风,--
女子颜面黑变病,0
皮肤恶性黑色素瘤,0
呼吸道合胞病毒感染,0
板层状鱼鳞病,0
持久性豆状角化过度病,0
荨麻疹,9583
皮肤病,1976
稻农皮炎,0
明癣,--
创伤性关节炎,335
尸厥,0
色素性荨麻疹,0
皮肤白喉,0
胎毒,618
癣菌疹,0
透明丝孢霉病,0
螨皮炎,161
疣状角化不良病,0
特发性肺含铁血黄素沉着症,0
寒痹,0
氰化物中毒,174
马拉色菌病,--
白大衣高血压,0
高锰酸钾中毒,0
水母皮炎,0
持久性隆起性红斑,0
获得性循坏抗凝物质增多综合征,0
深脓疱病,0
骨髓-胰腺综合征,--
多发性骨髓瘤,1146
消化系癌伴血液病综合征,0
结核性胸膜炎,1129
痛性青紫综合征,--
倾倒综合征,377
葡萄球菌性食物中毒,0
肝纤维化,393
阿米巴肠病,35
漆疮,0
毛发上皮瘤,72
δ-贮存池病,0
甲醇中毒,143
鲍温样丘疹病,0
砷及其化合物引起的皮肤病,0
念珠状红苔藓,0
铬及其化合物引起的皮肤病,0
色素紫癜性皮炎,0
眶周色素沉着,0
鱼鳞病,1605
血管角化瘤,0
红癣,0
反应性穿孔性胶原病,0
钠过多,0
痛性肥胖病,0
连续性肢端皮炎,0
羊膜腔感染综合征,0
职业性痤疮,0
代谢性碱中毒,0
血管炎性周围神经病,0
烟酸缺乏神经病,0
脊髓前动脉综合征,0
甲营养不良,163
海胆刺伤及海胆肉芽肿,0
反射性躯体神经病,--
遗传代谢病,189
进行性脊髓性肌萎缩症,0
输血后血小板减少性紫癜,0
苯海拉明中毒,0
婴儿痉挛症,320
妊娠合并血栓性疾病,0
埃利希体病,0
糖代谢异常伴发的精神障碍,0
赖利-戴综合征,--
热中,0
弥散性血管内凝血,0
老年病,185
过敏性紫癜,6159
感冒,5126
慢性疲劳综合症,0
高血压,8423
iga肾病,956
白塞病,792
小儿遗传性果糖不耐受,--
精神发育迟缓,116
减压病,203
溶血尿毒症综合征,0
蔗尘肺,0
急性白血病,1149
胆源性急性胰腺炎,0
小儿梅克尔憩室,0
肝包虫囊肿,0
急性腐蚀性胃炎,1
大便失禁,311
胃憩室,0
粘连性肠梗阻,190
单侧肾缺如,0
小儿消化道出血,0
先天性胆道闭锁,0
胃、十二指肠溃疡急性穿孔,--
造口旁疝,0
克里格勒-纳贾尔综合征,--
风搔痒,0
晕痣,0
蛋白丢失性胃肠病,0
非典型麻疹综合征,0
十二指肠淤积症,0
结肠憩室病,0
先天性肠闭锁与狭窄,0
靶样含铁血黄素沉积性血管瘤,--
肠道病毒所致各系统感染,0
异位性皮炎,381
花斑癣,1127
眼睑湿疹,0
潮热,568
水疥,0
脓窠疮,0
药物性皮炎,117
毒鱼刺伤,0
蚊子叮咬,166
暴发性痤疮,0
色素痣,712
色素性紫癜性苔藓样皮炎,0
后天性大疱性表皮松解,0
慢性萎缩性肢皮炎,0
钩虫皮炎,0
黏膜白斑,0
热带性出汗不良,0
类丹毒,0
寻常疣,1219
柯萨奇病毒疹,0
松毛虫皮炎,0
浸淫疮,0
皮角,114
皮脂缺乏症,0
更年期角化症,--
扩张孔,0
皮肤松垂,0
阿-斯综合征,0
淀粉样变性周围神经病,--
电击伤所致脊髓病,0
亚急性皮肤红斑狼疮,0
妊娠合并缺铁性贫血,0
水杨酸类中毒,0
神经性厌食症与神经性贪食症,0
败血症肾损害,0
老年心肌病,0
脂肪栓塞综合征,0
血红蛋白e病,0
获得性免疫缺陷综合征的神经系统表现,--
镉中毒,165
胃黏膜脱垂,0
霍乱,950
老年人慢性淋巴细胞白血病,--
胃息肉,1038
胃溃疡,5405
食瘕,--
致密性骨发育障碍,0
膀胱气痛,0
大肠癌,891
结肠息肉,710
小儿食积,0
肠套叠,1026
腺病毒性肠炎,0
迪厄拉富瓦病,--
奥迪括约肌功能异常,--
葡萄状肉瘤,0
白塞病性巩膜炎,0
淋球菌感染,0
输卵管狭窄,0
二期梅毒,235
胃肠道癌皮肤转移,--
乳头状汗腺腺瘤,0
白塞病伴发的精神障碍,0
胆囊管综合征,0
髋臼骨折,0
色汗症,0
接触性皮炎,896
红蝴蝶疮,0
气球状细胞痣,0
多发性斑状色素沉着症,--
发疱性甲虫皮炎,0
梅毒性巩膜炎,0
冬季瘙痒症,0
千足虫灼伤,0
皮肤发育不良,0
慢性乳头状溃疡性脓皮病,0
副银屑病,233
痱子,1027
伴有脂肪瘤样痣的褶皱皮肤,0
金属性变色,0
臭汗症,126
猴痘,0
神经性皮炎,3457
皮肤癌,1966
原藻病,0
木村网状肢端色素沉着,--
水渍疮,--
汞及其化合物引起的皮肤病,0
类固醇后脂膜炎,0
激素依赖性皮炎,1119
黑布拉痒疹,0
特发性滴状色素减少症,0
复发性线性棘层松解性皮肤病,0
非梭状芽胞杆菌肌坏死,0
蓝痣,0
卡波西水痘样疹,0
毛发囊肿,0
基底细胞腺瘤,0
老年人低血压,0
成人呼吸窘迫综合征,0
农药中毒,205
类脂性肺炎,0
沙漠疮,0
骨髓增生异常综合征,756
高镁血症,0
纯红细胞再生障碍,0
相对性红细胞增多症,0
甲状旁腺功能亢进性心肌病,0
安眠药中毒,0
继发性化脓性腹膜炎,0
小儿加压素分泌过多综合征,--
维生素d中毒症,1
输入袢综合征,0
继发性白血病,0
十二指肠先天性缺如、闭锁和狭窄,0
特发性高嗜酸性细胞综合征,0
儿童腹痛,81
卓-艾氏综合征,0
诺沃克类病毒胃肠炎,--
胰腺囊性纤维性变,0
急性肠系膜淋巴结炎,0
急性结肠假性梗阻综合征,1
肠系膜上静脉血栓形成,0
先天性直肠肛门畸形,0
胃心综合征,34
幽门螺杆菌感染,463
急性胃炎,993
小儿肠吸收不良综合征,--
小儿肝性脑病,0
胃肠道功能紊乱,145
幽门梗阻,482
肝著,0
餐后血糖过低症,1
药物性肝硬化,0
军团病肺炎,0
酒精伴发的精神障碍,0
陶瓷样胆囊,--
胃切除后胆汁返流性胃炎,--
肾痈,0
日本血吸虫病,0
原发性腹膜后肿瘤,0
肾气不固,0
急性子宫内膜炎,0
外阴黏膜白斑,0
小儿脂肪吸收不良,0
外阴硬化性苔藓,0
腹腔动脉压迫综合征,0
呃逆症,9
阴道恶性肿瘤,0
子宫内膜异位症,2410
破水,335
宫颈外翻,90
扁平苔藓,599
外阴疣状癌,0
荨麻疹和血管性水肿,0
子宫颈残端癌,1
老年斑,689
崩漏,490
脱屑性红皮病,0
肥大性骨关节病,0
瑞尔黑变病,62
猫眼疮,0
麻疹样红斑型药疹,0
冻疮,800
离位皮炎,--
单纯糠疹,229
多中心性网状组织细胞增生症,0
发育不良痣,0
有头疽,0
结核性苔藓,0
黑色棘皮症,0
毛囊角化病,0
皮肤蝇蛆病,0
尿黑酸尿与褐黄病,0
立克次体病,0
凉燥,--
小儿α1-抗胰蛋白酶缺乏症,0
铍及其化合物引起的皮肤病,0
摩擦黑变病,0
毛囊炎,7197
人疱疹病毒-6型感染,0
太田痣,543
脓疱性细菌疹,0
褥疮,976
疖,1093
色素性化妆品皮炎,0
钴及其化合物引起的皮肤病,0
手足皲裂,0
大汗腺癌,0
对称性进行性红斑角化症,0
口腔灶性上皮增生,0
胎赤,--
里尔黑变病,0
巨舌,0
腮腺恶性肿瘤,0
口腔菜花状乳头瘤病,0
黑舌,0
黏膜白色海绵状痣,0
维生素b,8035
口腔黏膜白斑,221
毛鞘棘皮瘤,0
胎死宫内,0
产后风,248
胎膜早破,645
性病神经症,--
狂病,0
直肠子宫内膜异位症,0
裂沟舌,--
横位难产,0
创伤后应激障碍,398
急性女阴溃疡,0
毛滴虫病,0
性欲亢进,225
性交晕厥,--
妊高症,627
阵发性睡眠性血红蛋白尿,256
吩噻嗪类抗精神病药物中毒,0
书写痉挛,133
禽流感,5272
中叶综合征,0
尼曼-皮克病,--
硬脊膜外脓肿,0
扭转痉挛,0
惊厥,779
急性腹膜炎,212
弥漫性血管内凝血,156
先天性性联无γ-球蛋白血症,--
诺瓦克病毒性胃肠炎,0
脊柱裂和有关畸形,0
慢性胃炎,2534
慢性溃疡性结肠炎,0
久泄,0
药物性肝病,0
胰胆汁综合征,0
肝结核,0
结肠炎,3160
细粒棘球蚴病,0
小儿轮状病毒性肠炎,0
胃扭转,0
寒湿泄泻,0
十二指肠溃疡,1668
老年人主动脉夹层分离,0
Milk-Alkali综合征,--
弯曲菌肠炎,0
肠扭转综合征,0
酒精性肝炎,0
活动盲肠综合征,0
家族性结肠息肉,0
胃神经纤维瘤,0
肠阿米巴病,45
胃良性肿瘤,0
十二指肠静脉曲张,--
外阴前庭炎,0
肝肺综合征,0
腹泻,1255
嗜酸细胞性胃肠炎,0
阿米巴性宫颈炎,0
胎萎不长,8
宫颈浸润癌,0
双胎妊娠,0
小儿肠系膜淋巴结结核,0
胃肠道外瘘,0
外阴浸润性鳞癌,0
阴道血吸虫病,0
外阴疣状黄瘤,0
原发性输卵管癌,0
宫颈白斑,76
外阴佩吉特病,0
子烦,0
女性尿道癌,1
气痢,--
滋养细胞肿瘤,0
阴吹,992
前庭大腺炎,372
外阴黑色素瘤,0
卵巢癌,1599
经前期综合征,0
福克斯-阜太斯病,--
卵巢肿瘤,378
阴道壁脱垂,82
霉菌性阴道炎,1359
宫颈复发癌,--
外阴平滑肌肉瘤,0
外阴恶性横纹肌样瘤,0
痤疮,3052
虫咬皮炎,0
脓疱疮,317
白色糠疹,679
人流,2059
油性肉芽肿,0
溶血性链球菌性坏疽,0
黄色瘤,0
麦收皮炎,0
汗疱疹,3090
剥脱性皮炎型药疹,0
汗孔角化病,0
黄褐斑,2109
寒冷性红斑,0
光泽苔藓,180
嗜皮菌病,--
痒疹,473
聚合性痤疮,0
小汗腺汗囊肿,0
盘状红斑狼疮,239
瘙痒症,256
疱疹样湿疹,9
毛囊脓疱病,0
汗疱症,0
手足癣,396
皮肤弓形体病,0
千日疮,0
链球菌坏死,0
皮肤囊肿,236
挤奶者结节,0
人蠕形螨病,0
鼠螨叮咬,0
皮脂囊肿病,--
湿疹,12589
假性黑棘皮病,0
麻疹样红斑,0
肢端纤维角化瘤,0
职业黑变病,0
原发性皮肤淀粉样变性,0
白癜风,2578
脉痹,0
电灼伤,0
水痛症,0
桑毛虫皮炎,0
膜迷路积水,0
毛状白斑,0
甲型肝炎,273
内脏血吸虫炎,--
持续性肢皮炎,0
巨大胎儿,84
新生儿晚期代谢性酸中毒,0
小儿骨硬化病,--
疖与疖病,0
小儿面部红斑侏儒综合征,0
小儿神经性厌食,0
小儿遗尿,137
小儿神经性贪食,0
婴儿性骨皮质增生症,0
小儿先天性睾丸发育不全,0
新生儿先天性弓形体感染,--
小儿言语和语言障碍,0
小儿学校恐怖症,0
rh血型不合,0
羊膜带综合征,0
拔毛狂,0
老年人病毒性肝炎,--
椎管内结核瘤,0
性变态,703
锥体外系疾病,99
小儿脑瘫,283
苔藓样结核疹,0
中毒性紫癜,0
粘液表皮样癌,0
肾实质性高血压,0
急性失血所致贫血,--
注意缺陷障碍,0
新生儿rh血型不合溶血病,0
性功能异常伴发的精神障碍,0
僵人综合征,131
恙虫病,547
小儿呼吸衰竭,0
遗传性感觉神经病,0
传染性单核细胞增多症,929
金黄色葡萄球菌肺炎,0
原发性血小板减少性紫瘢,0
肠粘连,428
老年人脑心综合征,0
壶腹周围癌,0
蛋白丧失胃肠综合征,1
外阴隆凸性皮肤纤维肉瘤,0
子宫息肉,1194
原发性卵巢绒癌,0
小儿半乳糖血症,--
肠扭转,179
新生儿流行性腹泻,0
妊娠合并急性肾盂肾炎,1
阴道子宫内膜间质肉瘤,0
q热肺炎,0
外阴毛囊炎,229
外阴痛,93
外阴卵黄囊瘤,0
卵巢纤维组织来源肿瘤,--
过期妊娠,240
阴道鳞状上皮癌,0
卵巢破裂,98
阴道斜隔,36
外阴转移性癌,0
外阴表皮内瘤变,0
妊娠热病,1
输卵管堵塞,1251
阴道异物,0
子宫内膜癌,1252
复发性卵巢恶性肿瘤,--
妇科炎症,1356
子宫内翻,27
子宫内膜间质肉瘤,65
叶酸缺乏所致贫血,--
湿毒疮,0
宫外孕,7350
宫颈息肉,2211
羊水过少,359
黄水疮,536
放射性皮炎,0
血热崩漏,0
性交疼痛,217
立克次体痘,0
面部脓皮病,0
色素性口周红斑,0
新生儿B链球菌感染,0
肠病性肢端皮炎,0
第Ⅰ型脊髓血管畸形,--
婴儿及儿童期癫痫及癫痫综合征,--
匐行疹,0
高血压性脑出血,0
先天性短结肠,0
颅内肿瘤性出血,--
痛风和高尿酸血症,0
发育迟缓,1223
火器性颅脑损伤,0
尿道旁腺癌,--
痉挛性脑瘫,0
四氯化碳中毒,0
血管神经性水肿,0
可拉明中毒,0
颠茄碱类植物药物中毒,0
毛细血管扩张性共济失调综合征,0
肾上腺皮质功能减退性心脏病,--
铅中毒引起的溶血性贫血,0
消中,0
铜绿假单胞菌感染,64
糖原贮积病,0
无睾症,0
重症肌无力样综合征,0
巴西紫热,0
进行性肥厚性间质性神经炎,--
C5功能不全综合征,0
阴茎前阴囊,0
慢性溃疡性非肉芽肿性空肠回肠炎,--
风寒感冒,1598
胃窦血管扩张症,0
阴囊损伤,0
胆囊切除术后综合征,146
功能性消化不良,356
其他弧菌感染,0
急性腮腺炎性睾丸炎,0
肠病原性大肠埃希杆菌感染,0
小儿腹泻病,0
原发性肝内硬化综合征,0
小儿急性胆囊炎与胆管炎,--
结核性肠系膜淋巴结炎,0
肿瘤性息肉,1
gardner综合征,53
鼓胀,0
胃切除后吸收不良综合征,0
小肠瘘,0
布卡综合症,17
急性胃肠炎,506
营养不良性肝硬化,0
小儿回盲肠综合征,0
小儿胃结块症,0
胃节律紊乱综合征,0
热带性口炎性腹泻,0
自身免疫性肝炎,431
外阴恶性颗粒细胞瘤,0
阴道平滑肌肉瘤,0
非溃疡消化不良,1
急性宫颈炎,124
外阴急性蜂窝组织炎,0
膈扑动,1
慢性输卵管卵巢炎,0
盆腔炎,5079
外阴瘙痒,1098
片吸虫病,0
胰腺脑病综合征,0
麦格综合征,28
外阴血管外皮细胞瘤,0
宫颈微小型浸润癌,--
外阴淋巴管瘤,0
女性生殖道多部位原发癌,0
外阴滑膜肉瘤,0
输卵管妊娠,155
滴虫性阴道炎,649
胎盘部分残留,--
宫颈妊娠,99
疥疮,2212
光线性弹力纤维病,0
小棘毛壅病,0
面游风,0
融合性网状乳头瘤病,0
蚂蚁叮咬,0
皮肤T细胞淋巴样增生,--
石油、煤焦油、页岩油及其分馏产物所致的皮肤病,--
胰腺真性囊肿,0
晒伤,806
结节性筋膜炎,0
风热疮,0
口周皮炎,306
Ehler-Danlos综合征,0
职业性皮肤癌,0
角层下脓疱性皮肤病,0
毒热侵肤,--
钒及其化合物引起的皮肤病,0
糠秕孢子菌毛囊炎,232
固定性药疹,105
毛发红糠疹,162
中毒性坏死性表皮松解型药疹,0
光感型药疹,0
钱币状掌跖角化病,0
蕈样真菌病,0
牛皮癣,2264
胰高糖素瘤综合征,0
脚气,7789
厚皮性骨膜病,0
生脓性肉芽肿,0
颜面部疖痈,1
牙源性皮瘘,0
腺性唇炎,0
遗传性良性上皮内角化不良,0
葡萄球菌性烫伤样皮肤综合征,0
弥漫性掌跖角化病,0
口角炎,988
天疱疮,458
接触性唇炎,0
外阴白化病,0
金属引起的口腔黏膜疾病,--
粟疮,--
外阴皮肤脂溢性皮炎,0
睾丸癌,1037
smith骨折,0
伊藤痣,0
银屑病甲,0
腕舟状骨骨折,0
拇指掌指关节尺侧侧副韧带损伤,0
柯莱斯骨折,0
面红和面红恐惧症,0
渗出性盘状苔藓样皮炎,0
药物反应性甲病,0
臂丛神经损伤,337
桡骨、尺骨茎突骨折,--
尺桡骨干骨折,0
肩袖损伤,0
创伤性肩关节后脱位,0
腕管综合症,0
肱骨髁间骨折,0
手部伸肌腱损伤,0
手部屈指肌腱损伤,0
正中神经损伤,199
肩-手综合征,0
网球肘,1513
桡骨远端骨折,0
肘关节强直,0
桡骨头骨折,0
桡骨下端骨折,0
肱骨大结节骨折,0
桡骨小头骨折,0
肱骨外科颈骨折,0
前臂动脉损伤,0
肩胛骨体部骨折,--
桡骨远端骨骺分离,0
副神经损伤与卡压,0
会阴下降综合征,--
肛管内括约肌痉挛性收缩,0
颅内生殖细胞瘤,0
迷路炎,0
结肠阿米巴,--
增生性骨关节病,0
泌尿道肿瘤,0
非火器性颅脑开放伤,--
急性脑内血肿,0
直肠内套叠,0
单纯性肥胖,218
副溶血性弧菌食物中毒,0
rh血型不合溶血病,0
酒精中毒,1035
热入血室,0
抽搐与惊厥,0
脑干损伤,0
慢性疾病的贫血,0
肥胖症,388
吡唑酮类中毒,0
移植物抗宿主病,165
felty综合征,193
乳酸酸中毒,0
甲状腺功能亢进症的肾损害,--
不动杆菌感染,--
血红蛋白D病,--
麻黄碱中毒,0
卡他莫拉菌感染,--
脑真菌性肉芽肿,0
淋巴瘤,13
老年性昏迷,0
脊髓内出血,0
骨髓纤维化,276
脂质沉积性肌病,0
砷化氢引起的溶血性贫血,0
先天性髋关节脱位,308
士的宁中毒,0
先天性副肌强直症,0
球孢子菌病,17
肝脏疾病所致贫血,--
生殖道肿瘤皮肤转移,0
遗传性凝血因子ⅩⅢ缺乏,--
蹼状阴茎,172
先天性髋关节外展挛缩和骨盆倾斜,--
卵巢透明细胞肿瘤,0
小儿生殖细胞瘤,0
坐板疮,0
淋病合并症精囊炎,0
盆腔淤血综合征,0
髌股关节软骨损伤,0
卵巢恶性中胚叶混合瘤,--
卵巢功能异常综合征,0
子宫平滑肌肉瘤,137
卵巢环管状性索肿瘤,--
卵巢重度水肿,0
卵巢肿瘤破裂,0
卵巢支持-间质细胞瘤,0
绝经,568
结核性宫颈炎,0
青少年及小儿卵巢肿瘤,0
含亚硝酸盐类植物性食物中毒,0
肾病综合症,564
新生儿呕血和便血,0
假麦格综合征,0
骨产道异常性难产,0
类癌,254
便秘,5066
小儿慢性充血性脾肿大,0
黄体囊肿,0
霍乱样综合征,1
肝-甲状腺综合征,1
盲襻综合征,0
哕,381
多发性消化道息肉综合征,0
小儿迁延与慢性腹泻,--
小儿疳痢,0
肠毒性大肠埃希杆菌感染,--
结核性腹膜炎,360
肠道蛔虫,26
胃、十二指肠溃疡出血,--
溃疡病出血,0
酒精肝,824
妊娠期急性脂肪肝,135
肠道菌群失调症,0
乳头状腺瘤,0
原发性胆汁性肝硬化,0
毛圆线虫病,0
老年人糖尿病酮症酸中毒,--
原发性肝癌,603
高原红细胞增多症,0
艾滋病人的急性阑尾炎,--
肠胃炎,3724
沙门氏菌属食物中毒,0
肠系膜脂肪炎,0
光气中毒,0
急性单纯性胃炎,17
先天自愈性朗格汉斯组织细胞增生症,0
足跟瘀斑,0
幼年黑素瘤,0
小腿红绀病,0
肠道息肉病,0
妊娠性急性阑尾炎,0
肠系膜上动脉综合征,0
胰腺损伤,0
小儿直肠脱垂,0
老年人重症肌无力,0
小汗腺痣,0
淤积性皮炎,0
变应性皮肤结节性血管炎,0
髋关节前脱位,0
无机碱皮肤损伤,0
先天性高弓足,--
十字韧带损伤,0
跖骨、趾骨骨折,--
急性髌骨脱位,0
拇外翻,610
小腿动脉损伤,0
胫后神经损伤,0
膝关节侧副韧带损伤,0
胫骨后唇骨折,0
复发性风湿病,0
先天性副舟骨,0
奈肌肌腱炎,--
胫骨应力骨折,0
踝部骨折,8
功能性子宫出血,820
不孕症,270
细菌性阴道炎,868
前庭大腺癌,8
阴道壁息肉,66
阴道黑色素瘤,0
外阴湿疹,305
子宫肥大,248
外阴纤维瘤,9
女性尿瘘,--
胎热,80
遗传性耳瘘,0
耳真菌病,0
鼻源性头痛,0
口蹄疫,499
乳房湿疹,218
疱疹样脓疱病,0
外阴天疱疮,1
妊娠合并硬皮病,0
月骨脱位,0
史密斯骨折,0
肱骨上端骨骺分离,0
成人骨坏死,0
一期梅毒,199
巨细胞病毒感染,360
皮肤炭疽,34
投掷骨折,0
乙型肝炎抗原血症,0
肘关节骨化肌炎,0
肱骨髁上骨折,0
桡骨干下1/3骨折合并下尺桡关节脱位,0
颈肋,0
掌指关节脱位,0
屈肌腱损伤,0
肱骨干骨折,0
先天性远端尺桡关节半脱位,0
甲沟炎和甲下脓肿,0
手外伤,0
脐疝,1136
肘外翻,141
腋臭,1178
亚急性硬膜外血肿,0
桡骨茎突骨折,0
乙状结肠扭转,0
颅后窝室管膜瘤,--
蚕豆病,2441
湿疹样癌,0
混合型肾小管性酸中毒,0
咖啡因与氨茶碱中毒,0
单克隆丙种球蛋白病伴周围神经病,--
寇热,0
温抗体型自身免疫性溶血性贫血,0
银杏中毒,0
弓形体病,95
脏躁,0
恶性淋巴瘤,406
戈谢病,210
先天性无转铁蛋白血症,--
自身免疫性溶血性贫血,0
慢性淋巴细胞性白血病,0
小儿埃可及柯萨奇病毒感染,0
缺铁性贫血,1339
系统性血管炎所致神经损害,--
老年久病卧床,0
血小板型假性血管性血友病,--
肢端肥大症,337
挤压综合征,249
副伤寒,153
直立性低血压,0
持续性枕横位难产,0
妊娠合并自身免疫性溶血性贫血,0
粒细胞缺乏症,0
振栗,--
肢端肥大症性心肌病,0
肺淀粉样变性,0
2型糖尿病,1071
卵巢两性母细胞瘤,0
晚期产后出血,157
卵巢冠囊肿,0
卵巢残余综合征,1
急性卵巢、输卵管自身扭转,--
卵巢巧克力囊肿破裂,9
原发性痛经,0
遗传性乳腺癌-卵巢癌综合征,0
绝经与抑郁症,--
阴道美丽筒线虫病,0
化脓性盆腔血栓静脉炎,0
青春期功能失调性子宫出血,0
月经过多,223
绝经后卵巢恶性肿瘤,0
盆腔脓肿,116
油漆皮炎,0
出血性输卵管炎,0
绝经后子宫内膜癌,0
颜面复发性皮炎,0
卵巢颗粒细胞瘤,0
老年人炎症性肠病,0
颈部勒伤,--
老年人肝性脑病,--
急性肠系膜上动脉栓塞或血栓形成,--
胃轻瘫综合征,1
亚硝酸盐中毒,291
肠气肿综合征,1
盲肠肉芽肿,1
虚寒呕吐,0
四川并殖吸虫病,--
腹膜后腔液体渗病,--
庚型病毒性肝炎,0
结肠血管畸形,0
神经棘红细胞增多症,0
回盲瓣综合征,0
克罗恩病,1210
小儿黄疸肝脏色素沉着综合征,--
胃恶性淋巴瘤,0
消化系统疾病伴发的精神障碍,0
特发性腹膜后纤维化,0
小儿功能性消化不良,1
肝炎双重感染,1
腹肌缺如综合征,1
肝大,0
绝经期尿失禁,0
自身免疫性胰腺炎,0
胆热,0
胆石症,223
脾约,0
小儿戊型病毒性肝炎,0
消化性溃疡,624
肝腺瘤,0
十二指肠结核,--
先天性非溶血性黄疸,84
肠易激综合征,1059
噤口痢,0
sars的胃肠道感染,0
胃空肠输入袢综合征,0
农民肺,45
气秘,0
脐炎,0
大肠梗阻,0
小儿硬化性胆管炎,--
跟腱前囊炎,0
胫后神经痛,0
胫骨内髁骨软骨病,0
小袋纤毛虫病,0
等孢球虫病,0
肠气囊肿,0
急性腹型-高脂血症综合征,0
先天性肠旋转异常,--
股后肌劳损,0
多肌腱末端病,0
足舟状骨骨软骨病,0
半月板损伤,1698
踝部扭伤,0
骶骼筋膜脂肪疝,0
先天性腓骨缺如,0
僵汜,--
膝关节损伤,0
复发性髌骨脱位,0
踝部急性韧带损伤,0
滑膜炎,3271
胫骨髁骨折,0
股骨干骨折,0
趾间神经痛,0
急性减压性骨坏死,0
先天性环状束带,0
先天性拇内翻,--
距骨骨折,0
股四头肌肌腱断裂,0
踝扭伤,0
跟骨骨折,0
进行性骨干发育不良,0
股骨粗隆间骨折,0
腓总神经损伤,0
膝关节内侧副韧带断裂,0
髋关节后脱位,0
跖骨疲劳性骨折,0
胫骨远端爆裂骨折,0
先天性跖骨内收畸形,--
坐骨神经损伤,0
特发性股骨头坏死,0
膝关节韧带损伤,0
距骨后外结节骨折,0
胫骨结节骨软骨病,0
胫腓骨干骨折,0
肠道短路关节炎皮炎综合征,--
跟腱后滑囊炎,0
胫腓下联合前部分离,0
先天性膝关节脱位,0
距骨骨折脱位,0
筋膜间隔区综合征,--
跟骨骨刺综合征,0
跖趾关节痛,0
皮下t细胞淋巴瘤,0
胫骨平台骨折,435
髌腱断裂,0
疣状血管瘤,0
卵巢囊肿,7991
阴挺,203
外阴色素痣,0
外阴炎,546
胫腓骨骨干骨折,0
月经失调性不孕症,1
阴道内胚窦瘤,0
输卵管积水,328
卵泡囊肿,128
月经失调,349
外阴基底细胞癌,0
前置胎盘,1159
阴道毛滴虫病,76
经行泄水,1
妊娠恶阻,0
外阴汗腺腺癌,0
羊水栓塞,1555
盆腔炎症性不孕症,0
阴道横纹肌肉瘤,0
宫颈癌前病变,347
青少年及小儿子宫颈癌,--
阴道横隔,86
外阴白斑,778
宫颈癌,5068
滴虫阴道炎,222
流产,1813
多胎妊娠,94
原发性阴道恶性淋巴瘤,0
带下病,203
外阴神经鞘瘤,0
外阴丹毒,1
卵巢无性细胞瘤,0
外阴软纤维瘤,0
霉菌性外阴炎,0
外阴溃疡,202
阴道恶性苗勒管混合瘤,0
外阴腺鳞癌,--
胎漏,121
外阴乳头状瘤,0
外阴汗管瘤,0
痛经,3566
附件炎,1043
阴道腺病,1
子宫脱垂,1148
慢性宫颈炎,898
子宫破裂,214
结核性阴道炎,0
黄体功能不全性不孕,0
外阴肿瘤合并妊娠,--
自然流产,978
慢性子宫内膜炎,0
青少年及小儿阴道透明细胞癌,--
输卵管结扎术后并发症,--
产后出血,432
难产,343
宫颈腺癌,174
子宫收缩乏力,94
阴道上皮内瘤样变,0
子宫收缩过强,8
外阴银屑病,8
外阴接触性皮炎,0
鼠咬热,17
外阴脂肪肉瘤,1
阴疮,0
尖锐湿疣,6813
前置血管,0
环状外阴炎,--
扁平疣,5959
雅司病,0
阴道腺癌,17
皮肤念珠菌病,0
传染性软疣,1108
着色真菌病,0
疣状皮肤结核,0
瘰疬性苔藓,0
血吸虫尾蚴性皮炎,1
尾蚴性皮炎,0
流行性斑疹伤寒,72
皮肤猪囊尾蚴病,0
面部播散性粟粒状狼疮,0
性病性淋巴肉芽肿,133
潜伏梅毒,75
单纯疱疹病毒性巩膜炎,0
带状疱疹病毒性巩膜炎,--
全身性念珠菌病,1
大头瘟,0
单纯疱疹病毒感染症,1
真菌过敏症,1
康诺尔立克次体斑疹热,0
羊痘,105
麻风病,1313
裂头蚴病,0
品他病,0
皮肤颌口虫病,0
口蹄病,1
锥虫病,0
丹毒丝菌病,1
结膜结核病,0
皮肤阿米巴病,0
原发性皮肤结核综合征,0
小儿遗传性大疱性表皮松解症,0
带状疱疹,8778
兔热病,73
小儿紫斑湿疹综合征,0
小儿混合性结缔组织病,0
新生儿寒冷损伤综合征,0
小儿埃博拉病毒病,--
赤游丹,0
小儿系统性红斑狼疮,0
奇孔古尼亚病毒性疾病,--
小儿白细胞黏附分子缺陷Ⅰ型,0
酒渣鼻样结核疹,0
小儿渗出性多形性红斑,--
小儿药物变态反应,0
小儿脑膜炎球菌性肾上腺综合征,0
婴儿痤疮,0
小儿苯丙酮尿症,0
小儿先天性光敏感性卟啉症,--
肱骨外上髁炎,0
婴儿腹部远心性脂肪营养不良,0
肱骨远端全骨骺分离,0
小儿肠病性肢端皮炎,0
小儿雅司病,--
鳄皮婴儿综合征,0
肩胛颈及肩胛盂骨折,0
肩峰骨折,0
肘关节强直与纤维性僵硬,--
伸指肌腱损伤,0
先天性尺骨缺如,0
第一掌骨基底部骨折脱位,0
色素沉着绒毛结节性滑膜炎,0
先天性尺桡骨性连接,--
多指畸形,0
旋转带肌腱炎,0
肩锁关节脱位,0
月骨脱位及月骨周围脱位,0
肩峰下撞击征,0
月状骨骨软骨病,0
肱骨外髁颈骨折,0
桡骨颈骨折和桡骨头骨骺分离,0
桡骨小头骨骺分离,0
下尺桡关节脱位,0
肘关节结核,0
肱骨内上髁炎,0
成人类风湿性关节炎性巩膜炎,--
迟发性外伤性脑内血肿,0
喙突胸小肌综合征,0
慢性硬脑膜下血肿,0
神经内分泌肿瘤,317
急性硬脑膜下血肿,0
面瘫唇肿裂纹舌综合征,0
继发性单克隆免疫球蛋白病,--
泛发性特发性毛细血管扩张,--
结肠息肉和息肉病,0
维生素d依赖性佝偻病,0
纯植物神经功能衰竭,0
原发性血小板增多症,292
肾上腺素中毒,0
神经系统先天性疾病,0
镰状细胞贫血,0
混合型卟啉病,0
黄疸,4097
巨细胞动脉炎性巩膜炎,--
小儿发作性睡病,0
镰状细胞病,0
链杆菌病,0
苯中毒,0
砷中毒,261
先天性支气管囊肿,0
小儿纯红细胞再生障碍性贫血,0
小儿脑积水,96
慢性自身免疫性甲状腺炎,0
阿片类药物中毒,0
风湿病,819
远端肾小管性酸中毒,0
严重肝病引起获得性凝血因子异常,--
慢性病贫血,0
投掷运动,0
橡胶制品所致的皮肤病,0
鼻/鼻型T/NK细胞淋巴瘤,--
糖原贮积病Ⅴ型,0
神经鞘黏液瘤,0
血管纤维瘤,0
鼻神经胶质瘤,0
复发性多软骨炎性,--
内分泌性肌病,0
液脱,0
遗传性蛋白C缺陷症,0
结缔组织增生性毛发上皮瘤,0
毛根鞘癌,0
单发性毛鞘瘤,0
毛囊皮脂腺囊性错构瘤,--
恶性雀斑样痣,0
皮肤骨瘤,0
冻伤,186
围绝经期综合征,0
卵巢成熟畸胎瘤,0
皮肤子宫内膜异位症,0
无排卵型功能失调性子宫出血,0
卵巢硬化性间质瘤,0
盆腔炎性肿块,1
阴道嗜血杆菌性阴道炎,0
急性盆腔炎,378
过敏性阴道炎,0
输卵管癌三联症,0
卵巢交界性肿瘤,0
绝经期盆腔脏器脱垂,0
急性附件炎,0
尿道肉阜,177
围绝经期前后的外阴白色病变,--
避孕后闭经综合征,0
卵巢泡膜细胞瘤,--
先天性卵巢发育不全,0
卵巢浆液性肿瘤,0
臀位难产,0
蛲虫性阴道炎,0
子宫颈平滑肌瘤,1
盆腔结缔组织炎,0
卵巢纤维瘤,0
卵巢黏液性肿瘤,0
卵巢卵黄囊瘤,0
子宫恶性中胚叶混合瘤,0
卵巢功能缺如综合征,0
妊娠合并宫颈癌,0
围绝经期功能失调性子宫出血,0
妊娠合并子宫肌瘤,0
卵巢肌肉来源肿瘤,--
卵巢混合性生殖细胞-性索间质肿瘤,0
血卟啉病性周围神经病,0
单纯性外阴阴道念珠菌病,0
继发性痛经,0
子宫腺肌病,272
子宫内膜增生,397
卵巢小细胞癌,0
卵巢未成熟畸胎瘤,0
复发性外阴阴道念珠菌病,0
产后虚脱,1
制药业引起的皮肤病,0
小提琴手颈部皮炎,0
无机盐所致的皮肤病,0
外阴腺泡状软组织肉瘤,0
着色性干皮病,0
急性气管支气管炎,36
食道炎,1081
颈肋畸形,0
枕颈关节损伤,0
枢椎齿状突骨折,0
绞架性骨折或外伤性枢椎椎弓骨折,0
单纯性寰枢椎脱位,0
肌张力异常,0
颈椎单侧及双侧小关节脱位,0
蛔虫性急性胰腺炎,--
颈椎先天融合畸形,0
颈椎半椎体畸形,0
老年人腹主动脉瘤,0
结、直肠黑变病,0
消化道重复畸形,0
大肠类癌,1
药物性胃病,0
妊高征,105
妊娠期心脏病,18
非寄生虫性肝囊肿,0
休息痢,0
小儿片吸虫病,0
脾大,984
胃内隔膜,--
胰腺假性囊肿,0
小儿铅中毒,0
十二指肠血管性压迫综合征,0
老年人肝硬化,0
嗜水气单胞菌感染,0
十二指肠憩室梗阻性黄疸综合征,0
急性肠炎,883
急性阑尾炎,1095
胆道张力低下综合征,0
消化不良,1126
小儿无脾综合征,0
先天性胆总管囊肿,0
小儿乳积,0
多房棘球蚴病,0
缺血性肝炎,1
积滞,0
胆道运动功能障碍,0
肠系膜上动脉压迫综合征,0
食管贲门粘膜撕裂综合征,0
风秘,0
淋巴结-胆道综合征,1
畸胎瘤,1794
婴儿指趾纤维瘤病,0
小儿结节病,0
腱鞘巨细胞瘤,0
获得性免疫缺陷综合征的消化系统损害,--
筋骨懈堕,0
肉瘤,694
踝关节软骨损伤,0
窝状角质松解症,0
筋痹,0
匍行性血管瘤,0
踝关节扭伤,0
骨纤维肉瘤,59
膝关节半月板损伤,194
膝关节结核,0
脱疽,0
膝关节骨性关节炎,205
浸渍足,0
结节性血管炎,153
阴道白斑,237
外阴神经纤维瘤,0
胎盘早剥,392
阴道血管肉瘤,1
阴道转移性肿瘤,0
前庭大腺囊肿,1055
外阴恶性淋巴瘤,0
外阴血管瘤,8
非特异性阴道炎,0
寰椎沟环畸形,0
外阴上皮样肉瘤,0
宫颈糜烂,14335
卵巢宫内膜样肿瘤,--
青少年及小儿阴道肉瘤,--
外阴神经性皮炎,0
子宫颈肉瘤,1
胎死不下,0
原发性卵巢类癌综合征,0
外阴纤维肉瘤,0
阴道痉挛,464
外阴-阴道-牙龈综合征,0
继发性女阴过度角化,0
外阴大汗腺瘤,0
外阴尤因肉瘤,0
外阴平滑肌瘤,1
卵巢妊娠,60
绒毛膜癌,339
产后喘促,--
外阴早期浸润性鳞癌,0
外阴阿米巴病,0
子宫腺肌症,1340
阴道蚂蟥叮吸,0
外阴黑色棘皮症,0
输卵管阻塞性不孕,0
丑胎,--
单纯性外阴炎,0
外阴脂肪瘤,35
外阴颗粒性肌母细胞瘤,0
宫颈上皮内瘤变,0
外阴梅克尔细胞癌,--
小儿色素沉着息肉综合征,0
新生儿皮下脂肪坏死,0
小儿金葡菌性烫伤样皮肤综合征,0
斯蒂尔病,0
早产儿贫血,0
幼年型皮肌炎,0
幼儿急疹,5375
奶癣,505
小儿脓窠疮,--
小儿基底细胞痣综合征,0
小儿黄水疮,0
幼年型疱疹样皮炎,0
小儿爱德华兹综合征,0
婴儿湿疹,5186
小儿人类细小病毒B19感染,--
痧子,--
小儿热疮,0
新生儿低钠血症,0
幼年型类天疱疮,0
小儿变应性亚败血症综合征,0
棘球蚴病,74
新生儿低体温,0
鸡眼,7113
毛囊性鱼鳞病,0
颗粒细胞瘤,0
萎缩纹,0
强酸类中毒,0
瘢痕疙瘩,697
胃肠道癌,0
婴儿青铜综合征,0
急性蜂窝织炎,0
毛细血管或静脉血栓形成,0
烫伤,1220
异物肉芽肿,0
结节病,436
皮样囊肿,0
外伤性脂肪坏死,0
人为脂膜炎,0
先天性血管瘤,0
小儿尼曼-皮克病,--
丘疹性血管增生,0
疮疡,0
上皮样血管内皮细胞瘤,0
疤痕,765
平滑肌肉瘤,261
婴儿纤维错构瘤,0
恶性黑素瘤,53
指疔,0
肘关节脱位,232
骨恶性纤维组织细胞瘤,0
大骨节病,229
桡骨小头半脱位,0
婴儿肢端脓皮病,0
脆甲症,0
手湿疹,0
微囊肿腺癌,--
化脓性指头炎,0
肩关节脱位,393
肘管综合征,0
桡骨颈骨折,0
虚寒咳嗽,0
老年人阵发性室上性心动过速,--
合成树脂皮炎,0
周期性瘫痪,0
血证,0
脊髓海绵状血管瘤,0
老年人扩张型心肌病,0
老年人呼吸性酸中毒,0
吞入异物,0
老年人假膜性小肠结肠炎,0
血管炎,1026
小儿肺炎链球菌脑膜炎,--
韦尼克脑病,0
结核性脑膜炎,616
神经白塞病,0
老年人缺血性心肌病,0
病毒性脑膜炎,399
老年人病态窦房结综合征,--
小儿急性血行播散型肺结核,0
急性化脓性脑膜炎,0
老年人心室扑动与颤动,0
小儿腺苷脱氨酶缺乏,0
肾性尿崩症,75
小儿透析失衡综合征,0
复发性无菌性脑膜炎,0
考后综合症,0
特发性面神经瘫痪,--
小儿软骨外胚层发育不全综合征,0
短暂性大脑缺血性发作,0
慢性淋巴结炎,263
老年人肺癌,0
额颞痴呆,0
麻痹性肠梗阻,231
肾虚,5489
圆形糠疹,0
精囊囊肿,0
老年人多器官功能衰竭,0
腰部慢性劳损,0
下腰椎不稳症,0
腰腿痛,192
致密性髂骨炎,0
骶髂关节结核,0
输精管缺如,0
第3腰椎横突过长畸形,0
短腰畸形,0
肾小管间质性肾炎葡萄膜炎综合征,0
移行脊椎,0
原发性脾淋巴瘤,0
多发性骨髓瘤病肾病,0
纤维化综合征,0
姿态性腰腿痛,0
髋关节脱位,458
肾精亏虚,0
泌尿道肿瘤皮肤转移,--
平滑肌错构瘤,0
实体肿瘤的肾损害,0
膀胱咳,--
实体肿瘤的肾脏损害,--
肾嗜酸细胞瘤,0
中老年男子部分性雄激素缺乏综合征,--
脊髓损伤,443
急性腰扭伤,277
客忤,0
煤气中毒,707
肾上腺危象,0
重症肌无力,1219
老年人心内膜炎,0
亚急性联合变性,0
髋关节结核,0
急性淋巴细胞白血病,902
先天性再生障碍性贫血,0
血管性帕金森综合征,0
铁尘肺,--
麻风性周围神经病,0
社会获得性肺炎,0
异常血红蛋白病,0
额叶癫痫,121
代谢性酸中毒,799
焦虑症,3630
联合免疫缺陷病,0
白细胞减少症,273
周围神经病损,1
肾性失镁,0
前列腺异位,0
骨髓病性贫血,0
有机氯杀虫剂中毒,0
支气管中心性肉芽肿病,0
磷中毒,0
矮小症,326
真菌中毒症,0
急性髓细胞白血病,0
地方性克汀病,19
甲状腺功能减退伴发的精神障碍,0
放射性甲状腺炎,0
真性红细胞增多症,0
后天性动静脉瘘,0
椎管内神经鞘瘤,0
浆细胞白血病,0
朗格汉斯组织细胞增多症,0
非洲锥虫病,0
小儿缺铁性贫血,62
麻疹病毒肺炎,0
药物中毒性周围神经病,0
家族性载脂蛋白B100缺陷症,--
类风湿性关节炎,2015
黏液性小汗腺癌,--
煤炭工尘肺,0
毛胚细胞瘤,--
鼻血管瘤,0
考登病中的多发性毛鞘瘤,--
上颌窦后鼻孔息肉,0
上颌窦恶性肿瘤,0
鼻窦炎,5830
鼻疔,0
原发性鼻腔淋巴瘤,0
鼻骨瘤,0
慢性筛窦炎,67
鼻窦气压伤,0
鼻前庭炎,276
鼻硬结病,0
鼻鼽,--
慢性干燥性鼻炎,--
先天性纯红细胞再生障碍性贫血,0
急性鼻炎,0
鼻窦骨折,--
鼻息肉,1983
虫霉病,0
慢性单纯性鼻炎,0
嗜酸细胞增多性非变态反应性鼻炎,0
筛窦恶性肿瘤,0
鼻咽纤维血管瘤,0
急性化脓性鼻窦炎,0
鼻肿瘤,0
鼻骨骨折,330
鼻中隔血肿及脓肿,--
鼻腔异物,0
慢性肥厚性鼻炎,0
常年性鼻炎,0
鼻窦恶性肿瘤,0
鼻腔及鼻窦异物,--
鼻中隔血肿,0
鼻窦创伤,--
萎缩性鼻炎,553
呼吸暂停综合症,111
急性鼻咽炎,0
男性特纳综合征,0
慢性盆腔炎,569
宫腔积脓,35
卵巢黄体囊肿破裂,0
卵泡腺细胞增殖综合征,0
子宫内膜结核,111
子宫内膜息肉,1064
绝经后子宫颈癌,--
小儿尤因肉瘤,0
小儿史-约综合征,--
尿道创伤,0
小儿卵巢肿瘤,0
膀胱湿热,0
尿道综合征,0
小儿发育性髋脱位,0
输卵管结核,89
前斜角肌综合征,0
寰椎骨折,0
伴齿状突骨折的寰枢椎前脱位,0
先天性高位肩胛,0
颈肋综合征,0
枢椎椎体骨折,0
寰枢椎旋转脱位固定,0
颈椎椎体楔形压缩骨折,0
颈椎骨折伴脱位的损伤,0
动静脉血管瘤,0
弥漫性婴儿纤维瘤病,0
寰枢关节脱位,0
海绵状淋巴管瘤,0
淋证,0
颈动脉海绵窦瘘,0
先天性斜颈,0
神经内分泌肿瘤皮肤转移,--
淋巴瘤样丘疹病,0
口腔癌皮肤转移,--
枢椎齿突骨折,0
神经母细胞瘤,592
颏下皮样囊肿,0
胃畸胎瘤,0
失荣,36
慢性颈部软组织损伤,0
妊娠合并急性阑尾炎,26
十二指肠胃反流及胆汁反流性胃炎,--
急性肠系膜上动脉梗死,--
小肠吸收不良综合征,0
颈部血管瘤,142
肝损伤,271
胃石症,0
外阴疖病,0
灰泥角化病,0
丝虫病,3383
外阴结核,1
疣,1922
三期梅毒,152
小儿情感交叉擦腿综合征,--
小儿先天性胆总管囊肿,0
尿道狭窄,753
小儿46-XY单纯性腺发育不全综合征,0
幼女性外阴阴道炎,8
外阴蛲虫病,1
外阴横纹肌肉瘤,0
尿道结石,715
输尿管结石,1028
小儿过敏性紫瘢,1
阴道紧缩,381
婴幼儿阴道炎,47
转移性皮肤钙化病,0
福尔马林中毒,0
接合菌病,0
高胡萝卜素血症,0
水疱性远端指炎,0
乳头状小汗腺腺瘤,0
心-耳综合征,0
化脓性甲沟炎,0
老年人吸入性肺炎,0
小儿马方综合征,0
神经肽性肢端感觉异常,0
高钠血症,299
Austin型幼儿脑硫脂病,0
老年人脑栓塞,0
急性酒中毒,--
蛋白质-能量营养不良,--
小儿手-心畸形综合征,--
血劳,0
运动神经元病,583
颚口线虫病,0
良性颅内高压症,0
小儿嗜血性流行性感冒杆菌脑膜炎,--
小儿食物变态反应,0
肛管损伤,0
老年人呼吸衰竭,0
小儿脆性X染色体,0
克罗伊茨费尔特-雅各布病,0
干燥综合征神经系统损害,--
小儿周围淋巴结结核,0
小儿脑白质海绵状变性综合征,--
胃隔膜,0
丘疹性荨麻疹,1747
地方性甲状腺肿,0
多发脑梗死性痴呆,0
进行性面偏侧萎缩症,0
鼻窦粘膜囊肿,0
遗传性多发脑梗死性痴呆,0
葡萄球菌中毒性休克综合征,0
鼻部脑膜脑膨出,0
皮肤淋巴肉芽肿病,0
鼻外伤,0
慢性额窦炎,0
鼻窦囊肿,0
鳃裂瘘管,0
枯草热,0
慢性鼻窦炎,0
酒渣鼻,430
鼻囊肿,0
鼻乳头状瘤,0
慢性蝶窦炎,0
鼻窦粘液囊肿,0
鼻炎,6984
慢性上颌窦炎,0
鼻真菌病,0
甲状舌囊肿及瘘管,0
鼻咽血管纤维瘤,0
鼻中隔偏曲,1353
新生儿青紫,0
鼻前庭囊肿,0
鼻出血,323
致命性中线肉芽肿,0
白喉,598
小儿猫叫综合征,0
鼻咽癌,2130
小儿家族性嗅神经-性发育不全综合征,0
小儿扁脸关节脱位足异常综合征,--
小儿尿道下裂,0
膀胱炎,1491
淋病合并症前列腺炎,0
膀胱平滑肌瘤,0
子宫切除术后会阴疝,0
急淋,0
关格,0
乳糜尿,387
皮脂腺腺瘤,0
合成树脂与塑料所致的皮肤病,--
石棉业所致的皮肤病,--
黑色丘疹性皮肤病,0
颈部淋巴结转移癌,0
家族性良性天疱疮,0
蔬菜皮炎,0
条纹状苔藓,0
牛痘样水疱病,0
软纤维瘤,0
骨骺点状发育不良,0
颈部纤维瘤,0
软骨样汗管瘤,0
非典型纤维黄色瘤,--
生乳头汗管囊腺瘤,0
皮脂腺上皮瘤,0
渗出性多形红斑,0
脾功能亢进,256
复发性腹膜后肿瘤,--
项痈,0
食物中毒,1734
二糖酶缺乏症,0
蜡样芽孢杆菌食物中毒,0
腹膜假黏液瘤,0
匐行穿孔性弹性组织变性,0
伪膜性肠炎,0
贾第虫病,0
原发性腹膜炎,135
紫绀-杵状指-肝病综合征,0
肠侵袭性大肠埃希杆菌感染,--
小儿炎症性肠病,0
孤立性直肠溃疡综合征,1
新生儿先天性膈疝,0
毛石肠梗阻综合征,0
胃肠型食物中毒,0
小儿急性肠系膜淋巴结炎,0
胎粪性便秘,0
老年人肠易激综合征,0
结肠直肠损伤,0
老年人缺血性结肠炎,--
十二指肠白点综合征,--
先天性巨结肠,444
腹绞痛综合征,1
肝淀粉样变性,0
胆道运动功能障碍综合征,0
胃内异物,0
肝紫癜病,0
胃梅毒,0
老年人酒精性肝病,--
腹痛,680
华支睾吸虫病,0
呃逆,640
老年人胆石症,--
小儿肺出血-肾炎综合征,--
吞气症,135
心原性肝硬化,0
松毛虫病骨关节病,0
疼痛性脂肪疝,0
alagille综合征,1
梭形细胞血管内皮细胞瘤,0
汗腺癌,0
脚癣,698
冲浪者结节,0
透明细胞棘皮瘤,0
弥漫性筋膜炎,0
瓜藤缠,0
外阴卡波西肉瘤,0
恶性小汗腺汗孔瘤,0
甲内型甲真菌病,0
丘疹坏死性结核疹,0
全身性发疹性组织细胞增生症,0
小儿弓形腿综合征,0
臁疮,0
丹毒,1291
情感性交叉擦腿症,0
儿童急性良性肌炎,1
跗骨与周围关节结核,--
脚气病,570
足菌肿,8
会阴裂伤,137
小儿先天性肌强直综合征,--
小儿成骨不全,0
尿瘘,0
代偿性多汗症,0
婴幼儿外阴炎,1
直肠阴道瘘,0
先天性无阴道,139
子宫发育异常,17
荚膜组织胞浆菌病,0
小儿红白血病,--
焦油性黑变病,0
强碱类中毒,0
白塞氏病,950
皮肤卟啉病,0
高脂蛋白血症Ⅲ型,0
纳尔逊综合征,0
皮肤穿入性毛囊和毛囊周角化病,0
四肢淋巴水肿,0
甲良性肿瘤,0
镍皮炎,0
对苯二胺皮炎,0
酸碱灼伤,0
多杀巴斯德杆菌病,0
日光性雀斑样痣,0
牛痘,0
丘疹紫癜性手套和短袜样综合征,0
胼胝,778
隐翅虫皮炎,340
镍及其化合物引起的皮肤病,0
恶性血管内皮细胞瘤,0
血管内乳头状血管内皮细胞瘤,0
手癣,903
纤维毛囊瘤,0
皮脂腺癌,0
松节油皮炎,--
掌侧化脓性腱鞘炎、滑囊炎和深间隙感染,--
银屑病关节炎性巩膜炎,0
摩擦性苔藓样疹,198
汗管棘皮瘤,0
老年人急性呼吸窘迫综合征,--
面部肉芽肿,0
浅部急性淋巴结炎和淋巴管炎,0
小汗腺汗管纤维腺瘤,0
侵袭性指趾乳头状腺癌,--
睡眠障碍,467
第Ⅳ型脊髓血管畸形,0
慢性酒中毒,0
脓毒症和菌血症,0
言语障碍,0
老年人急性阑尾炎,0
老年人睡眠呼吸暂停综合征,0
后壁穿孔性溃疡,0
宾斯旺格病,0
老年人厌氧菌性肺炎,--
肠石性肠梗阻,0
老年人预激综合征,0
小儿原发性纤毛运动障碍,0
妊娠高血压综合征,0
老年人支气管扩张,0
血疸,0
老年人结核性脑膜炎,0
小儿选择性免疫球蛋白a缺乏症,0
酒中毒性周围神经病,--
低钠血症,0
髓性多汗症,--
植物神经功能紊乱,666
神经莱姆病,0
老年性慢性硬膜下血肿,0
小儿x-连锁严重联合免疫缺陷病,0
小儿糖原贮积病Ⅰ型,--
小儿细菌性痢疾,0
蛔虫性肠梗阻,8
躯体形式障碍,0
人免疫缺陷病毒感染性肾损害,--
塞泽里综合征,0
小儿慢性良性中性粒细胞减少症,0
小儿中毒型痢疾,0
小儿家族性低血磷性佝偻病,0
小儿急性间歇性卟啉病,0
小儿糖原贮积病Ⅳ型,--
新生儿休克,0
产后劳伤,0
小儿磷酸酶过少症,--
尾骨骨折与脱位,0
肾盂癌,0
小儿糖原贮积病Ⅴ型,--
肾盂肿瘤和输尿管肿瘤,--
先天性膀胱颈挛缩,0
肾周脓肿,0
急性腰背部扭伤,0
肾皮质脓肿,0
肾损伤,0
肾上腺性征异常症,0
下丘脑综合征,0
嗜酸性粒细胞白血病,0
肾创伤,0
脊髓亚急性联合变性,0
肾上腺髓质功能亢进,--
白细胞减少症和粒细胞缺乏症,0
原发性骨髓纤维化,70
老年人肺性脑病,--
颅内脊索瘤,0
急性淋巴细胞性白血病,0
哮喘性肺嗜酸粒细胞浸润症,0
鼻中隔穿孔,0
鼻疖,0
真菌过敏性哮喘,0
面瘫,2178
鼻旁窦支气管综合征,--
化学液体吸入,--
嗜血流感杆菌的皮肤感染,0
实喘,--
老年人原发性血小板增多症,0
颌骨骨髓炎,114
过敏性鼻炎,7016
面肌抽搐,0
Kartagener综合征,0
急性上呼吸道感染,462
尘螨过敏性哮喘,0
面肌瘫痪,0
汞中毒,523
嗅觉障碍,0
衣原体肺炎,198
职业性哮喘,0
单核细胞白血病,0
慢性附睾炎,177
睡眠呼吸暂停综合征,663
椎动脉创伤性栓塞,--
膀胱不发育与发育不全,0
女性膀胱颈梗阻,0
阴茎扭转,0
急性非特异性睾丸炎,0
嗜酸性粒细胞性膀胱炎,--
急性附睾炎,189
盆腔腹膜炎,98
盆底腹膜疝,0
西瓦特皮肤异色病,0
面颈部毛囊性红斑黑变病,0
重复膀胱,0
髂骨致密性骨炎,0
尿道黏膜脱垂,0
妇女咳嗽性遗尿,0
喉气管瘢痕性狭窄,0
颌面部放线菌病,0
癔球症,0
喉癌,1127
声带小结,866
咽炎,3612
人为性皮炎,0
扁桃体恶性肿瘤,8
喉炎,973
扁桃体癌,221
甲状腺结核,0
流行性脑脊髓膜炎,337
放线菌病,53
甲状舌骨囊肿与瘘,0
喉痉挛,0
小儿双唇综合征,0
小儿先天性斜颈,0
小儿潮红综合征,0
寻常狼疮,0
小儿食管异物,0
小儿先天性侏儒痴呆综合征,0
小儿气管、支气管异物,0
小儿咳嗽,1661
小儿喉痉挛,0
小儿髓母细胞瘤,0
小儿食管化学性烧伤,0
结肠黑变病,309
小儿锁骨颅骨发育不全综合征,0
小儿霉甘蔗中毒,0
空肠、回肠憩室,0
Whipple病,0
颅骨损伤,0
腹膜后淋巴结炎,1
麦胶性肠病,28
酒精性肝病,162
胃溃疡性穿孔,0
钩虫性十二指肠炎综合征,--
胃下垂,847
重复尿道,0
赤痢,0
慢性腹泻,347
髌骨不稳定,0
小儿急性血源性骨髓炎,0
髂骨取骨后盆侧腹壁疝,0
股动脉瘤,0
会阴疝,0
处女膜闭锁,157
阴茎硬结症,192
尿道下裂,432
生殖道肿瘤,0
后尿道瓣膜,0
尿路梗阻,0
急性膀胱炎,0
跖管综合征,0
氯气中毒,130
冷球蛋白血症,0
小儿葡萄状肉瘤,0
膀胱颈挛缩,0
变应性血管炎,181
小螺菌感染,0
单纯疱疹病毒肺炎,--
继发性系统性淀粉样变,0
堪萨斯分枝杆菌感染,0
妊娠合并特发性血小板减少性紫癜,0
洛博芽生菌病,0
老年人药物性肝病,0
皮层性多汗症,0
迟发性皮肤卟啉病,0
烟酸缺乏,0
广州管圆线虫病,0
下丘脑多汗症,0
炭疽,525
血小板减少性紫癜,1021
获得性高脂蛋白血症,0
原发性皮肤B细胞淋巴瘤,--
海鱼分枝杆菌感染,0
胶样粟丘疹,0
掌跖纤维瘤病,0
新生儿皮下坏疽,36
小儿过敏症,0
家族性黏液血管纤维瘤,--
理发师皮炎,--
绝经后骨质疏松,0
甲真菌病,0
外阴恶性纤维组织细胞瘤,0
系统性红斑狼疮伴发的精神障碍,--
广泛性焦虑障碍,119
皮肤行为症,0
皮肤丝虫病,0
皮肤利什曼病,0
小儿软骨发育不全,0
先天性厚甲症,0
小儿软组织肉瘤,--
小儿单房性骨囊肿,--
脓疱病,0
小儿卡斯钦-贝克病,--
小儿面肩肱型肌营养不良,--
小儿关节过度活动综合征,0
小儿哮喘性肌萎缩综合征,--
小儿硬皮病,0
小儿弹性假黄瘤,0
绿猴病,0
小儿周期性低血钾性麻痹,--
发作性嗜睡强食综合征,0
第Ⅱ、Ⅲ型脊髓血管畸形,0
低钙血症和低镁血症,0
维生素b1缺乏病,1
老年人脑血栓形成,0
婴儿型黑矇性痴呆,--
老年人蛛网膜下腔出血,0
原发性巨球蛋白血症,0
老年人钙化性瓣膜病,--
黏脂贮积症Ⅳ型,0
胎儿乙醇综合征,--
原发性肾上腺皮质功能减退症,0
老年人室性心动过速,0
喘证,0
胼胝体进行性变性,0
药物导致的肺部疾病,--
青霉病,0
小儿嘌呤核苷酸磷酸化酶缺乏,0
中枢神经系统肉芽肿性血管炎,0
镰刀菌病,0
小儿干燥综合征,0
酒中毒性痴呆,0
小儿颅咽管瘤,0
甲状腺激素抵抗综合征,0
老年人低钙血症,0
颅内低压综合征,0
原发性皮肤免疫细胞瘤,0
播散性嗜酸粒细胞增多性胶原病,--
老年人期前收缩,--
格斯特曼综合征,--
前列腺结石,415
新生儿肝脾肿大,0
癌性神经肌病,0
膀胱肿瘤,558
腰椎椎管狭窄症,0
胃结核,0
先天性后尿道瘘,0
肾母细胞瘤,324
肾上腺肿瘤,898
腰疝,0
肝小静脉闭塞症,0
前列腺囊肿,420
肾皮质髓质脓肿,0
尿道缺如及先天性尿道闭锁,0
肾胚胎瘤,0
慢性单纯外伤性腰腿痛,0
结核性膀胱挛缩,0
慢性肾小球肾炎,383
膀胱结石,579
血栓形成,227
肾积脓,0
结核性膀胱自发破裂,0
蜈蚣蜇伤,0
妊娠合并多囊肾,0
神经衰弱,4563
小儿急性淋巴细胞性白血病,0
微小病变型肾病,0
小儿慢性骨髓炎,0
甲状腺功能亢进性肝病,0
产后抑郁症,1993
夏伊-德雷格综合征,0
脑型肺吸虫病,0
假性醛固酮减少症,0
抗体免疫缺陷病,0
铜中毒引起的溶血性贫血,0
中毒性高铁血红蛋白血症,0
呼吸肌疲劳症,--
Ⅰ型超敏反应性疾病,0
口形红细胞增多症,0
血小板减少症,390
小儿X-连锁无丙种球蛋白血症,--
淀粉样变性,0
小儿血管免疫母细胞淋巴结病,--
其他沙门菌感染,--
镁过多症,0
水过多,0
慢性骨髓炎,181
老年收缩期高血压,0
输尿管异位开口,0
疫斑热,0
血管运动性鼻炎,0
新生儿窒息,266
变应性鼻炎,0
脊髓性肌萎缩,46
维生素K缺乏病,--
妊娠合并巨幼红细胞性贫血,0
胆固醇肺炎,0
膀胱葡萄状肉瘤,0
硫化氢中毒,200
癃闭,0
淹溺,0
阴茎离断伤,0
铝尘肺,0
三叉神经营养性损害,0
真两性畸形,0
出血性膀胱炎,0
膀胱结核,0
泌尿生殖系棘球蚴病,--
维生素d缺乏病,0
慢性劳损性颈背部筋膜纤维织炎,0
颈椎黄韧带骨化症,0
下颈椎不稳症,--
先天性短食管,0
神经根型颈椎病,443
寰椎骨折脱位,0
泌尿生殖系真菌病,0
环咽肌失弛缓症,0
颈静脉球瘤,0
性高潮障碍,8
食管念珠菌感染,0
胸内甲状腺肿,0
颈椎后脱位,0
胆囊炎,5839
埃及血吸虫病,0
发芽马铃薯中毒,0
器械性食管损伤,--
小儿神经母细胞瘤,0
肩胛上神经卡压症,0
胃癌,2841
膈下食管憩室,0
强酸、强碱中毒,--
消化道出血,796
叶酸缺乏症,0
阑尾寄生虫病,1
小儿细胞外胆固醇沉着综合征,0
高钙血症,450
粗制棉子油中毒,--
急性胰腺炎,1610
急性出血性坏死性小肠炎,0
妊娠合并消化性溃疡,0
食管贲门黏膜撕裂综合征,0
腹膜间皮瘤,105
吸收不良综合征,0
异位acth综合征,0
痧气,115
胃肠食物不耐受症,--
新生儿胃穿孔,0
胆汁性肝硬化,106
肠白塞病,0
小儿时期常见的呕吐,--
小儿石膏综合征,0
小儿急性胆囊炎,1
小儿泄泻,0
平底足,0
股外侧皮神经卡压综合征,0
坐骨神经盆腔出口狭窄症,0
胰腺假囊肿,0
跖疣,3284
原发性下肢深静脉瓣膜关闭不全,0
膈膨出和麻痹,1
儿童胰腺功能不全并中性粒细胞减少症综合征,0
静脉曲张综合征,0
小儿松果体区肿瘤,0
向颈段脊髓供血的根动脉缺血症候群,--
外阴血吸虫病,0
组织细胞纤维瘤,0
尿路真菌感染,0
小儿骨肉瘤,--
外阴克罗恩病,0
不动纤毛综合征,0
血尿,989
儿童遗尿症,77
尿失禁,553
巨人症与肢端肥大症,0
阿司匹林诱发哮喘,0
多囊卵巢综合征,563
月经不调,3534
流注,0
外科皮脂腺囊肿,0
贫血伴发的精神障碍,0
毛孢子菌病,0
红细胞生成性原卟啉病,0
老年人骨髓增生异常综合征,--
成人型慢性粒细胞白血病,--
脂溢性皮炎,3462
老年人真性红细胞增多症,0
阴茎纤维性海绵体炎,0
高渗性非酮症糖尿病昏迷,--
高脂蛋白血症Ⅱ型,--
瘰疬分枝杆菌感染,0
杆菌性上皮样血管瘤病,0
多汗症,404
继发性皮肤滤泡中心细胞性淋巴瘤,--
小儿白塞病,0
蜂螫伤,0
behcet病,0
脑胶质瘤,493
小儿遗传性血管神经性水肿,0
肉芽肿性松弛皮肤,0
肘内翻畸形,0
小儿周期性正常血钾性麻痹,--
幼年型类风湿性关节炎,0
小儿视网膜色素变性-肥胖-多指综合征,0
小儿黏多糖贮积病Ⅳ型,--
肘外翻畸形,0
老年人免疫性血小板减少性紫癜,0
小儿发育性角回综合征,0
小儿血管瘤,0
骨神经鞘瘤,0
小儿进行性骨干发育不良,--
小儿周期性高血钾性麻痹,0
小儿骨软骨瘤,0
桡神经感觉支卡压,--
肩峰下滑囊炎,0
肩袖间隙分裂,--
单房性骨囊肿,0
化脓性腱鞘炎,0
尺神经损伤,0
锁骨下动脉-腋动脉瘤,--
掌指骨结核,0
腱鞘囊肿,1617
肩关节不稳定,0
四边孔综合征,0
桡管综合征,0
肩关节周围炎,0
手部血管损伤,0
骨膜软骨瘤,0
弹响肩胛,--
桡神经损伤,0
内生性软骨瘤,0
开放性手外伤,1
长骨骨干结核,0
上肢深静脉血栓形成,0
慢性创伤性滑囊炎,0
手部神经损伤,0
老年人心房纤颤,0
老年人血管性痴呆,0
酒中毒性小脑变性,0
小儿利斯特菌病,0
黏多糖贮积症Ⅱ型,0
新生儿巨细胞病毒感染,0
幼年型慢性粒细胞白血病,0
淋巴瘤样肉芽肿,0
老年人单纯疱疹病毒性脑炎,0
老年人肺心病,0
老年人肺气肿,1
老年人室性期前收缩,0
泛发性扁平黄色瘤,--
老年人低血糖症,0
贝壳甲综合征,0
老年人正常压力脑积水,--
老年人肥厚型心肌病,--
新型隐球菌性脑膜炎,0
脑猪囊尾蚴病,0
糖尿病和高血压,0
胃急性扩张,--
小儿选择性免疫球蛋白g亚类缺陷病,0
酒精中毒性神经疾病,0
老年人心脏传导阻滞,--
前庭神经元炎,0
新生儿失血性贫血,0
小儿急性气管支气管炎,0
风湿性舞蹈病,0
老年人心脏猝死,0
小儿白细胞黏附分子缺陷Ⅱ型,0
糖尿病合并低血糖,0
Ⅳ型肾小管性酸中毒,0
老年人慢性支气管炎,0
皮克病,0
间质性膀胱炎,0
肾结核,384
新生儿高血糖症,0
多肾盏畸形,0
肾融合,0
小儿蓝尿布综合征,--
海洛因肾脏病,0
小儿先天性肾上腺皮质增生症,0
小儿狼疮肾炎,--
类风湿性关节炎肾损害,0
肾盏积水,0
锂肾病,--
小儿共济失调毛细血管扩张Ⅰ型综合征,--
丙型肝炎病毒感染与肾小球肾炎,0
小儿肾上腺皮质与髓质增生并存综合征,--
肾病综合征,2078
膜性肾小球肾炎,0
小儿急性肾功能衰竭,0
肾结核对侧肾积水,0
慢性肾盂肾炎,248
肾脏损伤,0
隐匿型肾炎,0
急性肾小管坏死,0
肾及输尿管重复畸形,0
男性青春期发育延迟,--
Machado-Joseph病,--
小儿生长激素缺乏症,0
小儿迁延性肾小球肾炎,0
显微型多血管炎,--
先天性肾病综合征,0
希恩综合征,0
恶性组织细胞病,0
氯喹中毒,0
变应性肉芽肿血管炎,0
叶酸缺乏神经病,0
放射性周围神经病,0
淀粉样变病的胃肠道表现,0
热带性肺嗜酸性粒细胞浸润症,--
药物相关性免疫性溶血性贫血,--
胰岛素抵抗与代谢综合征,--
脐尿管瘘,0
阴茎结核,17
精囊结石,0
绝经期尿路感染,--
先天性前尿道瓣膜,0
阴茎折断,263
前列腺脓肿,0
膀胱脱垂,0
肛周肿瘤,0
尿道憩室,0
睾丸损伤,53
泌尿生殖系放线菌病,0
颈椎椎弓裂,0
压力性尿失禁,295
支气管源性囊肿,0
颈椎管狭窄症,0
包皮包茎,265
胸壁皮下气肿,0
脑损伤,230
创伤窒息综合征,0
腰骶部脂肪疝,0
输尿管炎,0
上颈椎不稳症,--
外伤后颈内动脉闭塞,0
颈部血管损伤,0
颅脑损伤,298
颈椎半脱位,0
骨结核,515
小儿纵隔囊肿及肿瘤,--
先天性食管憩室,0
食管良性肿瘤,0
颈肩痛,242
喉部钝挫伤,0
急性颈椎间盘突出症,0
颈椎结核,0
直接型颈动脉海绵窦瘘,--
颈椎后纵韧带骨化症,0
上干型胸廓出口综合征,0
食管其他恶性肿瘤,--
刺瘊,0
月经疹,0
寰枢椎脱位,0
脊柱肿瘤,0
无色性色素失调症,0
原发性限局性皮肤淀粉样变,0
脊椎骨骨髓炎,0
椎体爆裂骨折,0
腰椎滑脱,738
脊椎结核寒性脓肿穿入空腔脏器,--
肩关节结核,0
慢性腰背痛,0
脊柱裂,376
脊椎结核后突畸形,0
胸、腰椎椎体单纯性、楔形压缩骨折,--
脊椎结核并发窦道,0
下背部痛,0
胸、腰椎爆裂骨折,--
脊椎椎弓峡部裂,0
血管畸形引起的吞咽困难,--
青年性驼背,0
脊柱、脊髓损伤,--
椎体严重楔形变并伴小关节半脱位,--
脊椎结核并发截瘫,0
肩周炎,3459
椎弓结核,0
肉瘤皮肤转移,--
神经病性关节病,0
侵袭性婴儿纤维瘤病,0
丛状血管瘤,0
原发性皮肤滤泡中心细胞性淋巴瘤,0
婴儿肌纤维瘤病,0
脊髓肿瘤,110
椎管内结核肉芽肿,0
小儿转移性骨肿瘤,--
小儿霍奇金病,--
皮样表皮样囊肿,0
脊膜瘤,0
小儿横纹肌肉瘤,0
腹部肿块,0
新生儿先天性胆道闭锁,0
腹型癫痫综合征,1
热带口炎性腹泻,17
小儿幽门螺杆菌感染,0
隐孢子虫病,73
小儿肠旋转不良,0
膈疝,245
气管梗阻,0
其他病毒肺炎,--
小儿猪带绦虫病和囊虫病,0
结石性胆囊炎,128
肠道气囊肿症,0
暴泻,0
股动脉损伤,0
直肠脱垂,283
十二指肠憩室,159
大肠埃希杆菌肺炎,0
肺囊性纤维化,45
嵌杯样病毒胃肠炎,0
甲下外生骨疣,0
乳糜泻,0
骨良性纤维组织细胞瘤,0
跖骨头骨软骨病,0
奈动脉损伤,--
下肢交通静脉瓣膜关闭不全,--
小儿颅后窝室管膜瘤,--
morton跖头痛,0
腓总神经卡压症,0
退变性骶髂关节炎,0
小儿脑干胶质瘤,0
良性脂肪母细胞瘤,0
颈腰综合征,0
踝关节结核,0
静脉血栓形成,0
跟骨骨骺骨软骨病,0
奈动脉瘤,--
多发内生软骨瘤病,0
软骨黏液样纤维瘤,0
原发性椎管内肿瘤,0
静脉曲张,6528
先天性肝纤维化,0
松弛性跖痛症,0
急性单纯外伤性腰腿痛,0
长骨造釉细胞瘤,0
遗传性多发性骨软骨瘤,0
阴道粒细胞肉瘤,0
短骨骨干结核,--
闭经,1134
功能失调性子宫出血病,0
女性的青春期延迟,--
肾及输尿管结石,0
老年人神经梅毒,--
老年性阴道炎,256
沃纳综合征,0
老年性外阴萎缩,0
老年人急性淋巴细胞白血病,0
新生儿溶血,411
小儿维斯科特-奥尔德里奇综合征,--
马尔尼菲青霉病,0
荨麻疹性血管炎,150
老年人感染性休克,--
肾上腺皮质功能减退症,0
老年人再生障碍性贫血,0
龟分枝杆菌感染,0
溴氯菊酯中毒,0
皮脂腺痣,355
红斑肢痛症,0
胃类癌瘤,--
新生儿溶血症,654
单纯性紫癜,275
狐臭,3370
先天性肺动静脉瘘,0
小儿共济失调毛细血管扩张综合征,0
毛霉病,0
小儿血管-骨肥大综合征,--
甘露糖苷贮积症,0
无汗症,0
老年人结节病,0
成人硬肿症,0
老年人血栓性疾病,0
肺嗜酸细胞组织细胞增生症,0
雀斑,1537
心源性哮喘,0
Ⅰ型免疫母细胞性淋巴腺病,--
老年人巨幼细胞性贫血,--
妇女雄激素源性秃发,0
蕈样真菌病和Sezary综合征,--
小儿丁型病毒性肝炎,0
小儿继发性免疫缺陷病,0
绦虫病,166
肺泡通气低下综合征,0
老年人急性非淋巴细胞白血病,0
梅勒尼坏疽,0
小儿侏儒-视网膜萎缩-耳聋综合征,--
呼吸系统疾病伴发的精神障碍,--
小儿海蓝组织细胞增生症,0
热性嗜中性白细胞皮肤病,0
幼年型粒-单核细胞白血病,--
小儿下腔静脉阻塞综合征,0
桡骨茎突部狭窄性腱鞘炎,0
新生儿迁延性胆汁淤积性黄疸,0
特发性皮肤钙化病,0
前骨间神经卡压综合征,0
地霉菌病,0
脂性渐进性坏死,0
肱动脉损伤,0
手部肌腱损伤,0
脊髓前中央动脉缺血症候群,--
青年上肢远端肌萎缩,0
老年人心脏淀粉样变性,0
尺管综合征,0
小儿赖特综合征,0
手掌深部间隙感染,0
旋前圆肌综合征,0
手指屈肌腱鞘炎,0
老年人痛风,0
小儿烹调综合征,--
麻痹性臂丛神经炎,0
肱二头肌长头腱鞘炎,0
上腔静脉综合征,0
结节性脂肪坏死,0
老年人分水岭脑梗死,--
手汗症,872
食管胃底静脉曲张及其破裂出血,--
帕金森病,825
小儿曼氏迭宫绦虫病和曼氏裂头蚴病,0
残窦综合征,8
弹性假黄瘤,0
小儿皱梅腹综合征,--
Pancoast综合征,0
老年人腔隙性脑梗死,0
酒精中毒性肌病,0
体质性低血压,0
胆石性肠梗阻,0
高免疫球蛋白e综合征,0
病毒性出血热,0
膀胱输尿管反流,0
全身脂肪代谢障碍,0
小儿X-连锁高免疫球蛋白M血症,0
小儿先天性卵巢发育不全,0
小儿致心律失常性右室心肌病,0
肾淀粉样变性,0
溃疡分枝杆菌感染,0
小儿新变异型克罗伊茨费尔特-雅各布病,--
抽动秽语综合征,0
复发性溃疡,0
小儿自身免疫性淋巴细胞增生综合征,0
钩端螺旋体病神经系统表现,--
神经系统结节病,0
免疫介导性肾脏病,0
低钾血症肾病,0
尿崩症,689
特异性肾实质疾病,0
慢性反流性肾病,0
胃真菌病,0
黏脂贮积症Ⅰ型,--
原发性巨球蛋白血症肾损害,--
小儿糖原贮积病Ⅶ型,--
高钙血症肾病,0
小儿慢性肾功能衰竭,1
老年人胰腺癌,--
慢性肾功能衰竭,316
巴特综合征,0
肾积水,1357
恶性高血压性小动脉性肾硬化,--
肾动脉狭窄,241
肾盂肾炎,1105
特发性尿钙增多症,0
良性高血压性小动脉性肾硬化,--
小儿莱施-尼汉综合征,--
近端肾小管性酸中毒,0
小儿肾上腺皮质功能不全,--
肾前性肾功能衰竭,0
烧伤后急性肾功能衰竭,0
小儿肾性糖尿,--
有机磷农药中毒,0
结节性硬化症,169
先天性肌强直,0
克拉伯病,0
锑末沉着症,0
巯甲丙脯酸肾损害,0
小儿再生障碍性贫血,0
痢疾后综合症,--
维生素E缺乏神经病,--
小儿低氯性氮质血症综合征,0
遗传性压力易感性周围神经病,0
过敏性急性小管间质性肾炎,0
原发性系统性淀粉样变,0
血管免疫母细胞性淋巴结病,0
大颗粒淋巴细胞白血病,0
小儿白血病,0
重症联合免疫缺陷,0
溶血过度所致贫血,0
毒蕈中毒,0
高原病,120
外阴烧伤、烫伤和化学损伤,--
老年人膀胱癌,--
小儿一氧化碳中毒,0
慢性膀胱炎,0
骨淋巴管瘤,0
膀胱移行细胞癌,0
甲亢合并妊娠,0
特发性癫痫综合征,0
骨质疏松,1336
小儿干扰素-γ受体缺陷病,0
肛管直肠恶性黑色素瘤,0
男性生殖系结核,0
阴囊坏疽,0
阴道前壁膨出,0
泄殖腔外翻,8
肉芽肿性前列腺炎,0
髂静脉压迫综合征,0
泌尿生殖系血吸虫病,0
泌尿生殖系滴虫病,0
喉气管食管裂,0
胸壁软组织损伤,0
运动损伤,206
颈椎过伸性损伤,--
小儿高热,95
神经损伤,220
弥漫性食管壁内憩室,0
椎间盘钙化症,0
小儿先天性甲状腺功能减低症,0
咽喉烧伤及化学伤,0
蜘蛛痣,1756
创伤性血胸,0
碘源性甲亢,0
间接型颈动脉海绵窦瘘,0
咽食管憩室,0
散发性甲状腺肿,0
亚急性甲状腺炎,256
先天性食管重复,0
颈椎小关节创伤性退变性关节炎,0
颈椎骨折脱位,0
幼年性透明纤维瘤病,0
血管周细胞瘤,0
小儿单纯性甲状腺肿,--
脂溢性角化病,0
graves病,622
头部鳞状细胞癌,0
樱桃状血管瘤,0
梭形细胞脂肪瘤,0
脊索瘤,269
软组织肉瘤,0
强直性脊柱炎性巩膜炎,--
胸长神经卡压症,0
腰椎间盘突出症,497
赖特综合征性巩膜炎,--
神经纤维瘤病,288
脊柱侧凸,124
特发性关节痛综合征,0
钱币状湿疹,0
多形性脂肪瘤,0
网膜炎,26
疱疹样皮炎,0
五更泄,0
胰腺分裂,--
乙肝,6770
溃疡病穿孔,0
肠间脓肿,0
气胀,0
集聚肠杆菌感染,0
柏-查综合征,1
痉挛性肠梗阻,0
先天性肝囊肿,0
大肠恶性淋巴瘤,0
食积胃病,--
小肠结肠炎耶尔森菌肠炎,--
直肠损伤,0
肠瘘,0
异物性食管穿孔,0
老年人酒精性心脏病,--
小儿先天性直肠肛门畸形,0
颈部火器性异物,0
热秘,--
结肠过敏症,0
小儿肝素-血小板减少-血栓形成综合征,--
小肠系膜损伤,0
胃损伤,0
急性出血坏死型胰腺炎,0
特发性非硬化性门脉高压综合征,0
伤食泄泻,0
萎缩性胃炎,1516
湄公血吸虫病,0
小儿糖原贮积病Ⅵ型,--
新生儿肺气漏,0
网膜囊肿,1
非酒精性脂肪肝病,1
蓝氏贾第鞭毛虫病,0
腹型偏头痛综合征,1
尼曼-匹克氏病,0
妊娠合并肠梗阻,17
胆石,0
十二指肠壅积症,0
老年急性阑尾炎,8
下消化道出血,0
阿米巴结肠炎,--
阿尔茨海默病性痴呆,0
钩虫病,223
小儿其他沙门菌感染,--
小儿阿姆斯特丹型侏儒,--
老年静脉血栓症,0
包涵体肌炎,60
半乳糖血症,190
网膜扭转,0
良性阵发性腹膜炎综合征,0
下肢深静脉血栓形成,0
小儿先天性面肌双瘫综合征,0
下肢静脉血栓形成,0
糖尿病足,892
肺泡-毛细血管阻滞综合征,--
Poncet综合征,0
股神经损伤,0
梨状肌综合征,0
手足发绀症,0
小儿纤维性骨营养不良综合征,--
腓总神经损害,0
股骨颈骨折,610
帕金森病性痴呆,0
指甲-髌骨综合征,--
老年急性动脉栓塞,0
一氧化碳中毒,959
小儿血管角质瘤综合征,0
红斑性肢痛症,0
不安腿综合征,274
老年人糖尿病周围神经病,--
小儿肥胖性生殖无能综合征,0
老年人肥胖症,0
腓骨肌萎缩症,133
淤滞性紫癜,0
黏多糖贮积症Ⅲ型,0
小儿埃莱尔-当洛综合征,--
瘰疬性皮肤结核病,0
不安腿综合症,0
丹痧,0
杜波组织胞浆菌病,0
楚尔盖分枝杆菌感染,0
皮肌炎,803
新生儿乙型肝炎,0
慢性黏膜皮肤念珠菌病,0
新生儿肝炎综合征,35
营养不良性皮肤钙化病,--
伤口肉毒症,--
高脂蛋白血症Ⅴ型,--
老年人缺铁性贫血,0
过敏性血管炎,0
埃莱尔-当洛综合征,0
脓肿,0
脑膜炎球菌血症,0
家族性地中海热,0
小儿人类疱疹病毒6，7，8型感染性疾病,--
皮下脂膜炎性t细胞淋巴瘤,0
急性硫化氢中毒,0
皮炎芽生菌,0
亨延顿病,0
灼痛,0
良性淋巴细胞血管炎和肉芽肿病,0
老年人原发性骨髓纤维化,0
皮肤骨髓纤维化,0
麻风,488
黏多糖贮积症Ⅴ型,--
小儿黑酸尿综合征,0
Marie-Bamberger综合征,0
桡神经麻痹,0
星形病毒胃肠炎,0
黄瘤,0
颅内高压综合征,0
老年人肺脓肿,0
Fanconi综合征,0
原发性单克隆免疫球蛋白病,--
肾癌,926
老年人代谢性酸中毒,0
肾上腺髓质增生,0
冷球蛋白血症肾损害,0
肾血管畸形与压迫,0
老年人溶血性贫血,0
妊娠合并急性肾小球肾炎,0
小儿原发性免疫缺陷病,0
乙状结肠间疝,0
佩吉特病样网状细胞增生症,0
水肿,1126
艾滋病神经系统损害,--
小儿有机磷农药中毒,0
高脂蛋白血症Ⅰ型,--
尿道结核,0
肛管癌,178
膀胱白斑病,0
间质性膀胱炎、局限性外阴炎和脱屑性阴道炎综合征,--
气性膀胱炎,0
泌尿生殖系阿米巴病,--
先天性巨尿道症,0
小儿脊髓前动脉综合征,0
膀胱癌,1433
脐尿管囊肿,0
输尿管结核,0
输尿管肿瘤,0
老年人梗阻性肾病,0
小儿尿路感染,0
甲状腺功能正常的甲状腺肿大,--
咽喉部外伤,0
无功能性甲状旁腺囊肿,--
原发性甲状旁腺功能亢进症,0
小儿支气管哮喘,156
甲亢性心脏病,0
老年人尿毒症性肺炎,--
甲亢,10457
肠病性肢皮炎综合征,0
中暑,1186
喉返神经损伤,0
妊娠合并甲状腺功能亢进,0
老年人胃食管反流病,0
气管前间隙感染,0
Plummer-Vinson综合征,--
小儿甲状腺癌,0
甲状腺微小癌,0
颈动脉狭窄,0
颈部囊状淋巴管瘤,0
食管黏膜损伤,0
高致病性禽流感病毒感染,0
自主性高功能性甲状腺腺瘤,0
老年人甲减性心脏病,0
亚临床甲状腺功能亢进,0
慢性前列腺炎,604
纵隔疝,0
锁骨下动脉盗血综合征,0
食管肉瘤,0
咽部及颈部食管闭合性损伤,0
老年人上腔静脉受压综合征,0
妊娠期甲状腺功能亢进,0
泌乳素瘤,173
纵隔气肿,0
毒性结节性甲状腺肿,0
继发性甲状旁腺功能亢进症,0
呼吸道异物,0
食管狭窄,0
隆突性皮肤纤维肉瘤,187
自身免疫性甲状腺疾病相关肾病,0
皮肤黏液瘤,0
嗜酸性脓疱性毛囊炎,0
色素失调症,0
颈动脉窦综合征,0
黑棘皮瘤,0
火激红斑,0
漆所致皮肤病,0
背痈,0
结缔组织痣,0
斑状萎缩,0
毛囊周围纤维瘤,0
体癣,672
皮肤淋巴细胞浸润症,0
恶性小汗腺螺旋腺瘤,0
冬眠瘤,0
成人痒疹,0
短暂性棘皮松解皮肤病,0
回旋形线状鱼鳞病,0
皮肤纤维瘤,0
增生性毛根鞘瘤,0
泥螺-日光性皮炎,0
持久性色素异常性红斑,0
神经官能性表皮剥脱,0
小儿关节弯曲综合征,0
头位难产,0
小儿眼-耳-脊椎综合征,0
小儿骨与关节结核,0
小儿动脉瘤样骨囊肿,0
着色杆菌病,0
小儿脊柱裂,0
小儿进行性骨化性肌炎,0
腰部峡部崩裂和脊椎滑脱,0
小儿同型胱氨酸尿症,0
偻附,0
颈丛神经卡压症,0
棘间韧带损伤,0
腰椎小关节不稳症,0
向胸腰段脊髓供血的大根动脉缺血症候群,--
食管重复畸形,0
直肠息肉,1031
炎症性腹主动脉瘤,0
急性糜烂性胃炎,0
胆汁性腹膜炎,0
糖原累积症,0
肾虚腰痛,0
军团菌肺炎,177
旅行者腹泻,0
农药中毒所致的精神障碍,0
小儿过敏性紫癜,177
肝脏局灶性结节性增生,0
黑色素斑-胃肠多发性息肉综合征,0
α1-抗胰蛋白酶缺乏症,0
双胃,--
大肠埃希杆菌性胃肠炎,0
肠道血管畸形,0
小儿普通易变型免疫缺陷,0
老年人慢性胃炎,--
新生儿肾静脉血栓,--
小儿胆道蛔虫症,0
巨吻棘头虫病,--
水臌,26
缺血性肠绞痛,0
小儿假性甲状旁腺功能减低症,--
膈先天性缺损,1
肠毛滴虫病,0
神经性呕吐,160
老年人结肠憩室,0
胃肠积液,0
肝脏炎性假瘤,0
乙脑伴发的精神障碍,0
小儿血管网状细胞瘤,0
腹主动脉缩窄,0
驱蛔灵中毒,0
急性胃扩张,166
胫前黏液水肿,0
小儿亚硝酸盐中毒,0
足穿通性损害,0
筋瘤,0
皮肤神经瘤,0
老年挛缩,0
下肢动脉硬化闭塞症,355
指节垫,0
皮克病性痴呆,--
反射性交感神经营养不良综合征,--
小儿腓骨肌萎缩症,0
周围动脉栓塞,0
过度通气综合征,0
下肢静脉曲张,665
老年人高钙血症,--
川崎病,2920
闭锁肺综合征,0
外阴恶性神经鞘瘤,0
鹦鹉热衣原体肺炎,0
皮肤B细胞淋巴样结节型增生,0
老年人霍奇金淋巴瘤,--
水痘肺炎,0
小儿急性非淋巴细胞性白血病,--
高脂蛋白血症Ⅳ型,--
出血败血性巴斯德菌感染,0
硬皮病,879
新生儿紫癜,0
老年人过敏性紫癜,0
肌营养不良症,45
Ⅱ型免疫母细胞性淋巴腺病,--
皮肤白血病,0
肺血管炎,0
厌食,0
末梢神经炎,396
小儿结节性脂膜炎,0
小儿抗磷脂综合征,0
老年人短暂性大脑缺血性发作,0
糖尿病所致脊髓病,0
股外侧皮神经炎,0
小儿病毒相关吞噬血细胞综合征,0
小儿嗜铬细胞瘤,0
食管结核,0
肾性氨基酸尿,0
忽略症,0
新生儿生理性黄疸,206
继发性粘连性蛛网膜炎,0
老年人院内获得性肺炎,--
小儿高免疫球蛋白E综合征,--
新生儿abo溶血病,0
小儿迪格奥尔格综合征,0
面部偏侧萎缩,0
肾钙乳,--
小儿结节性硬化综合征,0
单发脑梗死性痴呆,--
老年人心房扑动,0
小儿柞蚕蛹性脑病综合征,0
神经梅毒,0
肠伤寒穿孔,0
df-2败血症的皮肤表现,0
高脂血症,675
老年人代谢性碱中毒,--
血痹,0
胞内分枝杆菌感染,0
新生儿红细胞增多症-高黏滞度综合征,0
酒精性脑萎缩,0
小儿热带嗜酸性粒细胞增多症,0
肾结石,8571
绿脓假单胞菌属感染,0
链球菌感染后的急性肾小球肾炎,0
路易体痴呆,0
继发性铁粒幼细胞性贫血,--
感染性急性小管间质性肾炎,0
肾周围炎,0
慢性肾炎,1535
肾上腺皮质功能异常伴发的精神障碍,--
急性肾小管间质性肾炎,0
肾动脉血栓形成和栓塞,0
造影剂肾病,116
II型肾小管性酸中毒,0
妊娠合并肾病综合征,0
新生儿急性肾功能衰竭,0
肾囊肿,1974
肾动脉闭塞,0
疟疾肾病,--
先天性巨输尿管,0
慢性肾上腺皮质功能减退症,0
慢脾风,0
膜增生性肾小球肾炎,0
小儿原发性肾病综合征,1
小儿不对称身材-矮小-性发育异常综合征,--
老年人嗜铬细胞瘤危象,0
间质性肾炎,0
糖尿病性神经病,0
小儿醛固酮过多症,0
高血压肾病,373
局灶性节段性肾小球硬化,0
小儿β地中海贫血,0
妊娠呕吐,0
妊娠性哮喘,0
原发性小血管炎性肾损害,0
蝎螫伤,0
肾皮质化脓性感染,--
老年人泌尿系结石,0
肾盏憩室,0
老年人急性肾功能衰竭,0
黏脂贮积症Ⅱ型,0
老年人急进性肾炎,0
小儿豹皮综合征,0
goodpasture综合征,0
囊性肾病,0
胃肠道癌转移卵巢,--
免疫抑制药和抗癌药中毒性肾病,--
小儿鞍上生殖细胞瘤,0
衣原体尿路感染,0
神经源性膀胱,0
绝经与心血管疾病,0
卵巢过度刺激综合征,0
肾动脉瘤,0
老年人慢性肾功能衰竭,0
寄生虫性尿路感染,0
绝经与阿尔茨海默病综合征,0
小儿急性上呼吸道感染,0
老年人尿失禁,62
非特异性尿道炎,64
老年人尿崩症,--
经行尿感,--
老年人糖尿病肾病,--
小儿脊髓性肌萎缩,0
副流行性感冒,0
原发性甲状腺恶性淋巴瘤,0
甲状腺腺瘤,250
产后甲状腺炎,0
气管闭合性损伤,0
食管异物,0
急性放射性甲状腺炎,0
失语症,310
甲状腺功能异常伴发的精神障碍,--
高碘性甲状腺肿,0
无痛性甲状腺炎,0
新生儿咽下综合征,0
小儿良性先天性肌弛缓综合征,--
颈椎椎管狭窄症,0
咳嗽,6408
妊娠合并甲状腺功能减退,0
冠状病毒感染,0
甲状腺功能亢进性骨矿疾病,0
老年人椎基底动脉供血不足,0
老年人环咽肌功能障碍,--
老年人甲状腺功能低下,0
老年人甲亢性心脏病,0
气管支气管异物,0
颈动脉创伤性栓塞,--
假性甲状旁腺功能减退症,0
小儿急性喉气管支气管炎,0
播散性黄瘤伴尿崩症,0
小儿甲状腺功能亢进症,0
多发性内分泌腺瘤Ⅱ型,0
皮肤脑膜瘤,0
黄韧带骨化症,0
伴纤维囊性骨炎的假性甲状旁腺功能低下症,--
舒尔曼病,0
脑膨出和脑脊膜膨出,0
前纵韧带骨化症,0
慢性劳损性腰背痛,0
椎管内转移性肿瘤,0
颈神经背支卡压症,0
尿路软斑症,0
脊椎结核,79
腰椎退变性小关节损伤性关节炎,--
神经转移性肿瘤,0
髓内肿瘤,0
椎管内脊膜瘤,0
脊髓刃器伤,--
肩胛背神经卡压症,0
脊髓分裂症,0
进行性脊肌萎缩症,0
脊髓蛛网膜炎,0
肋间神经痛,891
脾亢,0
小儿动脉肝脏发育异常综合征,0
棘上韧带损伤,0
脊髓火器伤,--
脊髓内脓肿,0
脊髓神经鞘瘤,0
小儿播散性脂肪肉芽肿综合征,--
脊髓压迫症,0
脊髓栓系综合征,0
急性横贯性脊髓炎,0
小儿颅内肿瘤,0
家族性甲状腺非髓样癌,--
残胃平滑肌肉瘤,0
脊膜膨出与脊膜脊髓膨出,0
岩藻糖苷贮积症,0
肝胃不和,0
并发截瘫的脊柱结核,0
变形杆菌食物中毒,0
暴发性肝衰竭,0
假膜性肠炎,0
肠系膜上动脉栓塞,8
产褥感染,236
小儿肝衰竭,0
肝硬化,5574
胆汁淤积性黄疽,0
黏多糖贮积症Ⅰ型,0
急性出血性坏死性肠炎,0
特发性胃肠道嗜酸性细胞浸润综合征,--
结肠闭锁,--
粪类圆线虫病,0
髓单核细胞白血病,--
奈血管陷迫综合征,--
结缔组织性肠炎,1
肝肾综合征,0
脾-肝综合征,1
原发性下肢静脉瓣膜关闭不全,0
脊髓血管畸形,65
小儿常染色体隐性小脑性共济失调,0
小儿脊髓损伤,0
多骨纤维发育不良,0
妊娠合并慢性肾小球肾炎,0
单纯肾异位,0
双重输尿管,0
肾细胞癌,0
腰痛-血尿综合征,0
老年人心源性休克,0
原发性醛固酮增多症,0
老年人多发性骨髓瘤,0
急性肾小球肾炎,525
梗阻性肾病,0
老年低温症,--
肾虚眩晕,0
尿毒症,7439
家族性出血性肾炎,0
妊娠合并慢性肾上腺皮质功能减退,0
医源性多毛症,0
头皮脓疱糜烂性皮病,0
肝源性肾损害,0
白化病,1988
肾静脉血栓,0
交叉性异位肾伴有或不伴有融合,--
非iga系膜增生性肾炎,0
脱发性毛囊炎,0
腋毛癣菌病,0
须癣,0
虱病,0
皮肤癣菌病,0
须部假毛囊炎,0
湿热病,0
单纯性肾囊肿,0
软化斑,--
老年人播散性血管内凝血,0
念珠状发,0
肾错构瘤,403
老年癌症病人的急性感染,--
盆底综合征,0
原发性小肠淋巴管扩张症,0
老年女性膀胱颈梗阻,0
青春期发育迟缓,0
老年人慢性肾盂肾炎,0
老年人肾病综合征,0
双侧肾缺如,0
支原体尿路感染,0
肾动脉栓塞,0
内脏利什曼病,0
老年人泌尿系统感染,0
输尿管损伤,0
老年人急性感染后肾炎,0
老年人原发性高血压引起的良性小动脉肾硬化,--
抗菌药中毒性肾病,0
继发性肾上腺功能不足,--
项痹,0
单纯性甲状腺肿,121
小儿散发性甲状腺肿,0
斜颈,761
小儿单纯性血尿,0
甲状旁腺功能异常伴发的精神障碍,--
疱疹性咽峡炎,1899
老年人甲状腺癌,--
视神经脊髓炎,0
结节性甲状腺肿,236
小儿狂犬病,--
扁桃体炎,1039
喉上神经损伤,0
颈部开放性损伤,--
颈淋巴结结核,0
慢性纤维性甲状腺炎,0
甲状腺舌管囊肿与瘘,0
小儿原发性甲状旁腺功能亢进症,0
老年人颈性眩晕,0
小儿颈椎融合综合征,0
小儿急性化脓性甲状腺炎,0
急性化脓性甲状腺炎,1
老年甲状腺功能减退症,0
皮肌炎与多发性肌炎,0
老年人食管裂孔疝,0
妊娠合并甲状旁腺功能亢进,0
舌咽神经痛,170
慢性淋巴细胞性甲状腺炎,163
静止性淋巴细胞性甲状腺炎,0
颈部脊髓损伤,0
食管囊肿,0
腺病毒感染,150
甲状腺肿大,2316
小儿重症肌无力,0
小儿甲状旁腺功能减退症,0
小儿结节性甲状腺肿,0
天冬氨酰葡萄糖胺尿症,0
食管癌,1149
下腔静脉后输尿管,0
小儿家族性自主神经失调综合征,--
血清阴性脊柱关节病,0
黏多糖贮积症Ⅵ型,--
单纯性脊柱结核,0
单神经病与神经丛神经病,0
未分化脊柱关节病,0
隐性脊柱裂,0
脊髓血管病,17
脯肽酶缺乏症,0
蛋白尿,1057
黏多糖贮积症Ⅳ型,--
输尿管脱垂,0
老年人运动神经元病,0
脊髓炎,669
黏脂贮积症Ⅲ型,0
臂丛神经痛,66
老年人脊髓亚急性联合变性,--
老年人夏伊-德雷格综合征,--
黏多糖贮积症Ⅶ型,0
结肠瘘,1
小儿水杨酸盐类中毒,--
缺血性结肠炎,0
丙型病毒性肝炎,72
性病相关性胃肠道感染,--
非01霍乱弧菌肠炎,0
急性脊髓炎,305
妊娠合并甲亢,82
小儿贲门失弛缓症,0
小儿食物中毒,0
结肠损伤,1
肠结核,445
肠系膜静脉血栓形成,0
胃脂肪瘤,0
小儿先天性巨结肠,0
溃疡病急性穿孔,0
戊型病毒性肝炎,64
痞满,0
腹膜转移癌,0
股神经痛,54
妊娠期肝血肿及破裂,0
胰胆管合流异常综合征,0
急性化脓性胃炎,0
先天性胃壁肌层缺损,0
小儿结节性多动脉炎,--
大网膜扭转,1
中满,0
腹膜后脂肪瘤,0
小儿淋巴样息肉,--
妊娠期急性肾功能衰竭,0
老年人主动脉瘤,0
巴德-吉亚利综合征,--
急性肾盂肾炎,656
急进性肾炎,0
肾下垂,160
黄色肉芽肿性肾盂肾炎,0
i型肾小管性酸中毒,0
肾硬化症,0
胃溃疡出血,124
肾盂输尿管连接部梗阻,--
小儿肾血管性高血压,--
乙型肝炎病毒相关性肾炎,0
椎间隙感染,0
糖尿病肾病,600
真菌性尿路感染,0
钩端螺旋体病的肾损害,--
成人多囊肾,0
常染色体显性多囊肾,0
肾髓质坏死,0
膀胱与尿道结石,0
输尿管瓣膜,0
肾血管性高血压,0
紫癜性肾炎,506
重金属中毒性肾病,0
小儿尿崩症,0
老年人高血压危象,0
先天性肾上腺皮质增生症,0
肌病肾病性代谢综合征,0
肝硬化性肾损害,0
蹄铁形肾,0
老年人脊髓压迫症,--
局灶性肾小球硬化症,0
微小病变性肾病,--
脊椎化脓性骨髓炎,--
小儿椎管内肿瘤,--
感染性心内膜炎肾损害,0
肾咳,--
肾脏疾病伴发的精神障碍,--
中毒性肾病,0
原发性iga肾病,0
急性肾炎,733
急进性肾小球肾炎,0
农药中毒性肾病,--
小儿尿感,1
隐匿性肾小球肾炎,0
糖尿病性肾病,0
肾盂肿瘤,0
多囊肾,730
新生儿泌尿系统感染,0
肾小管性酸中毒,0
肾石症,0
非甾体类抗炎药物性肾病,--
范科尼综合征,0
特发性急性小管间质性肾炎,0
膜性肾病,445
脂蛋白肾小球病,0
狼疮性肾炎,479
急性肾功能衰竭,218
小儿Alstrom综合征,0
肾发育不全,0
小儿先天性肾病综合征,0
小儿急进性肾小球肾炎,--
老年人异位抗利尿素分泌综合征,0
肾动静脉瘘,0
肾异位血管及副血管,0
肾移植,322
急性肾炎综合征,0
肾旋转异常,0
老年人肾癌,--
毛囊性黏蛋白病,0
急性风湿热肾损害,0
黑癣,0
小儿慢性肾小球肾炎,0
斑状白化病,0
薄肾小球基底膜病,0
蠕形螨病,0
拉休尤-格拉哈姆-利特尔综合征,--
头皮糠疹,0
网状红斑萎缩性毛囊炎,0
妇女多毛症,0
结节性脆发病,0
小儿先天性外胚层发育不良综合征,0
生长期脱发,0
大疱性表皮松解,0
瘢痕性脱发,0
假斑秃,0
小儿面部偏侧肥大综合征,0
小儿先天性白细胞颗粒异常综合征,0
小儿色素失调症,0
头皮损伤,0
休止期脱发,0
男子雄激素源性秃发,0
热汗,0
小儿早老症,0
常染色体隐性遗传性脑动脉病及动脉硬化伴皮质下梗死及白质脑病,--
黏多糖贮积症Ⅷ型,0
先天性白细胞颗粒异常综合征,0
食管腐蚀性灼伤,0
小儿神经皮肤综合征,0
脱发,1613
多毛症,236
脊柱脊髓伤,0
小儿慢性淋巴细胞性甲状腺炎,0
毒性弥漫性甲状腺肿,0
甲状腺功能减退,361
妊娠合并甲状旁腺功能减退,0
小儿急性喉炎,530
甲状腺癌,3247
颈椎病,6427
小儿亚急性甲状腺炎,0
小儿地方性克汀病,--
颈部淋巴结结核,153
枕神经痛,0
原发性食管恶性淋巴瘤,--
食管穿孔,0
慢性纵隔炎,0
老年人甲状腺功能亢进危象,0
化脓性食管炎,0
外科颈动脉体瘤,0
重复阴茎,0
多睾症,0
骶尾部畸胎瘤,0
囊状淋巴管瘤,0
股骨头坏死,1423
毛细淋巴管瘤,0
骶骨骨折,0
骨盆骨折,346
血管球瘤,0
梅克尔细胞癌,0
肛门周围癌,0
鳞状毛囊角化病,0
增殖性皮炎,0
透明细胞汗腺腺瘤,0
痱,0
骶髂关节扭伤或半脱位,0
毛囊周角化病,0
环状红斑,0
嗜酸细胞增多性复发性肉芽肿皮炎,0
肌注硬结感染,0
牙痈,0
毛囊漏斗肿瘤,--
牙隐裂,265
牙宣,0
心火上炎,0
舌下神经损伤,0
肺水肿,593
气压创伤性中耳炎,0
鼓膜外伤,0
听神经瘤,399
干槽症,1042
创伤性聋,0
耳痈,0
耳疔,0
肾虚耳鸣,0
迷路震荡,0
外耳道乳头状瘤,0
乳突炎,282
耳湿疹,0
脑萎缩,2296
耳聋,410
脑挫裂伤,202
无症状性脑梗死,0
脑损伤后综合征,0
外伤后头痛,0
头外伤,0
迁延性昏迷,0
急性及亚急性脑内血肿,0
颅内肿瘤,216
颅内畸胎瘤,0
基底节血肿,0
偏执状态,0
偏执狂,1040
眼眶击出性骨折,0
鞍上生殖细胞瘤,0
斑秃,1398
心理咨询,1539
白秃疮,0
外伤相关性青光眼,0
星形细胞瘤,234
多灶性脉络膜炎伴全葡萄膜炎,0
眼部毛细血管瘤,0
视盘炎,0
化脓性葡萄膜炎,0
眼眶脑膜-脑膨出,0
结膜干燥症,0
泪腺炎,232
视网膜下新生血管膜,0
婴幼儿型内斜视,0
副肿瘤性斜视性眼肌阵挛-肌阵挛,--
虹膜色素痣,0
原发性急性闭角型青光眼,--
视网膜毛细血管血管瘤,0
先天性视网膜劈裂症,0
先天性无虹膜,0
急性虹膜睫状体炎,0
视交叉病变,0
视网膜血管炎,0
银屑病关节炎及其伴发的葡萄膜炎,0
先天性眼球震颤,55
睑外翻,26
系统性红斑狼疮伴发的葡萄膜炎,0
获得性免疫缺陷综合征视网膜病变,0
视神经乳头水肿及视盘水肿,--
脉络膜炎,0
慢性泪腺炎,8
糖尿病伴发的葡萄膜炎,0
增生性玻璃体视网膜病变,0
上隐斜,0
屈光参差,0
眼外肌广泛纤维化综合征,0
鸟枪弹样视网膜脉络膜病变,0
视网膜病变,0
眼眶内静脉曲张,0
特发性黄斑裂孔,0
巨大裂孔性视网膜脱离,0
前房积血与青光眼,--
眼眶横纹肌肉瘤,0
晶状体蛋白过敏性青光眼,--
眼球内陷,0
视网膜静脉阻塞,0
妊娠高血压综合征眼底病变,0
霜样树枝状视网膜血管炎,0
脉络膜转移癌,0
脉络膜骨瘤,0
微小核糖核酸病毒性角膜炎,0
上斜肌腱鞘综合征,0
眼外肌发育不全,0
结节性多动脉炎伴发的葡萄膜炎,0
泪腺肉样瘤病,0
回旋状脉络膜视网膜萎缩,--
眼球震颤阻滞综合征,0
眼眶淋巴管瘤,0
视网膜静脉周围炎,0
视网膜色素变性,714
泪腺多形性腺癌,0
眼部猪囊尾蚴病,0
水痘-带状疱疹性葡萄膜炎,--
脉络膜血管瘤,0
真菌性角膜炎,0
眼内异物,0
眼眶平滑肌瘤,0
结核性葡萄膜炎,0
干眼,0
睑板腺囊肿,0
淋球菌性结膜炎,0
年龄相关性白内障,0
玻璃体病,0
原发性婴幼儿型青光眼,0
视网膜中央动脉阻塞,0
多发性硬化伴发的葡萄膜炎,0
良性淋巴上皮病,--
人类免疫缺陷病毒所致葡萄膜炎,0
眼球后退综合征,0
单纯疱疹性葡萄膜炎,0
虹膜黑色素瘤,0
眼肌麻痹性偏头痛,0
白屑风,0
色素性青光眼,0
药物相关性青光眼,0
眼弓蛔虫病,0
眼烧伤,0
恶性高血压视网膜病变,0
晶状体异位,--
虹膜睫状体炎,277
眼睑基底细胞癌,0
内隐斜,0
眼眶骨纤维异常增殖症,0
后天性视网膜劈裂,0
原发性非调节性内斜视,0
晶体异位和脱位,0
强直性脊柱炎及其伴发的葡萄膜炎,0
穿透性角膜移植术所致青光眼,0
眼类肉瘤病,0
眼眶寄生虫囊肿,0
溢泪症,1
眶内纤维组织细胞瘤,--
色盲,1065
青光眼睫状体炎综合征,0
特发性息肉样脉络膜血管病变,0
球后视神经炎,0
眼眶静脉性血管瘤,0
急性共同性斜视,0
近视眼,1044
眼球穿通伤,0
正常眼压性青光眼,0
血影细胞性青光眼,0
后葡萄膜炎,0
真菌性巩膜炎,0
泪囊肿瘤,0
慢性闭角型青光眼,0
急性泪囊炎,0
多发性一过性白点综合征,0
晶状体相关葡萄膜炎,0
无脉络膜症,0
辐射性白内障,0
泡性角结膜炎,0
急性视网膜色素上皮炎,0
翼状胬肉,505
分泌过多性青光眼,0
眼眶畸胎瘤,0
色素性静脉旁视网膜脉络膜萎缩,0
分裂情感性障碍,0
老视,0
眼眶皮样囊肿,0
原发性视网膜脱离,0
妄想症,1071
急性妄想发作,0
肥疮,--
急性播散性脑脊髓炎,122
感应性妄想性障碍,0
经行头痛,66
异色性虹膜睫状体炎,0
黄斑裂孔性视网膜脱离,0
眼底血管样条纹,0
浅层点状角膜炎,0
镰状细胞贫血眼部病变,0
黄斑囊样水肿,0
睫状体黑色素瘤,0
眼假组织胞质菌病综合征,0
家族性渗出性玻璃体视网膜病变,0
紫外线伤,0
瘢痕性类天疱疮,0
双眼上斜肌麻痹,0
沙眼,1411
眼眶非霍奇金恶性淋巴瘤,--
眼球突出,576
晶状体脱位所致青光眼,0
急性出血性结膜炎,0
角膜基质炎,0
眼眶骨化纤维瘤,0
真性小眼球,0
散光,1818
原发性视网膜色素变性,0
眼眶骨肉瘤,0
泪囊炎,709
红细胞增多症眼底,0
格子状角膜营养不良,0
眶内海绵状血管瘤,0
高血压病视网膜病变,0
眼睑恶性黑色素细胞肿瘤,0
泪腺分泌功能减退,--
虹膜角膜内皮综合征,0
匐行性脉络膜萎缩,0
炎症相关性青光眼,0
嗜人T淋巴细胞Ⅰ型所致的葡萄膜炎,--
交感性眼炎,0
单眼双上转肌麻痹,0
主动脉弓综合征视网膜病变,0
脉络膜脱离型视网膜脱离,0
眼眶脂肪肉瘤,0
获得性视网膜劈裂,0
远视,335
睫状环阻滞性青光眼,0
眼眶假瘤,0
圆翳内障,0
反向斜视,0
脑室内脑膜瘤,0
颅后窝血肿,--
垂体腺瘤,0
中风,1860
多发性脑膜瘤,0
外伤性脑脊液漏,0
帽状腱膜下脓肿,0
外伤性硬膜下积液,0
颅骨缺损,0
外伤性低颅内压综合征,0
颧骨骨折,0
颌骨造釉细胞瘤,0
脑缺血性疾病,0
小儿慢性大疱性疾病,--
慢性唇炎,287
黄斑变性,469
角膜擦伤,52
幼年型慢性关节炎及其伴发的葡萄膜炎,0
泪液分泌过多,0
颌面部骨巨细胞瘤,0
目劄病,--
非结核分枝杆菌性角膜炎,0
后发性白内障,0
中浆,0
春季结膜炎,0
疼痛性眼肌麻痹,0
急性卡他性结膜炎,0
白血病视网膜病变,0
眼底病,273
珠蛋白生成障碍性贫血视网膜病变,0
眼眶血管外皮瘤,0
眼眶肌炎,0
眼弓形体病,0
中毒性白内障,0
伏格特-小柳-原田综合征,0
眼眶脓肿,0
原发性共同性内斜视,0
急性视网膜坏死综合征,0
黄斑病,0
巨细胞病毒性葡萄膜炎,0
眼眶淀粉样变性,0
急性泪腺炎,1
点状内层脉络膜病变,0
眶骨髓炎,0
化学性眼外伤,0
隐斜视,101
先天性脑积水,0
继发于无晶状体眼和人工晶状体眼的青光眼,--
慢性进行性眼外肌麻痹,0
周期性内斜视,0
复发性多发性软骨炎伴发的葡萄膜炎,0
产后目病,--
晶状体溶解性青光眼,0
梅毒性葡萄膜炎,0
原发性青少年型青光眼,0
眼眶蜂窝织炎,0
高眼压症,0
隐斜,0
脉络膜出血,0
眼球破裂伤,0
分离性垂直偏斜,--
急性闭角性青光眼,0
红细胞增多症视网膜病变,0
老年性黄斑变性,0
中间葡萄膜炎,0
眼眶骨折,0
匐行性脉络膜炎,0
脉络膜裂伤,0
急性后部多灶性鳞状色素上皮病变,--
慢性泪囊炎,0
玻璃体混浊,1092
周期性动眼神经麻痹,0
白膜侵睛,0
眼眶纤维肉瘤,0
青光眼,3161
放射性视网膜病变,0
获得性视网膜大动脉瘤,--
先天性小眼球合并眼眶囊肿,0
开角型青光眼,0
眼外肌猪囊尾蚴病,0
动脉阻塞或狭窄视网膜病变,0
后部多形性角膜营养不良,0
脉络膜脱离,0
增龄性黄斑变性,0
颅骨骨髓炎,0
眼科重症肌无力,0
脑震荡,1282
眼眶真菌病,0
慢性硬脑膜外血肿,0
下丘脑错构瘤,0
小儿空鞍综合征,0
中心性渗出性脉络膜视网膜病变,0
视网膜后膜,0
小儿脑水肿与颅内高压综合征,--
脑室炎,0
急性和亚急性硬脑膜下血肿,0
自发性蛛网膜下腔出血,0
头皮血肿,0
颅底肿瘤,0
外伤性脑脓肿,0
面神经损伤,63
脑鸣,0
颅内黑色素瘤,0
外伤性脑积水,0
颅底骨折,0
外伤性脑膜炎,0
硬脑膜动静脉畸形,0
颅内海绵状血管瘤,0
急性硬脑膜外血肿,0
副肿瘤性小脑变性,0
丘脑下部损伤,0
小脑扁桃体下疝畸形,0
脑结核瘤,0
脑干肿瘤,0
松果体细胞瘤,0
脑梗塞,4307
自发性脑室内出血,0
脑脊液漏,0
颅内动脉瘤,214
上皮样囊肿,0
脑血栓,1857
脑静脉畸形,0
颞骨和下颔骨关节异常,--
脑瘤,1010
羊胡疮,0
鳞状细胞癌,933
重舌,0
浆细胞性唇炎,0
甲状舌管囊肿,0
坏死性龈口炎,9
颅内脂肪瘤,0
口腔颌面部软组织损伤,0
舌癌,990
甲状舌管囊肿与鳃裂囊肿,--
种植牙,1655
前牙深覆盖,17
锁喉毒,0
口底多间隙感染,1
口腔颌面部皮样、表皮样囊肿,0
毛舌,59
上颌前突,0
前牙反合,52
舌下腺囊肿,567
颏下间隙感染,0
鳃裂囊肿和瘘管,0
咽血管畸形,0
眼眶疾病,0
泪腺多形性腺瘤,0
麻痹性斜视,118
釉质发育不全,95
永存原始玻璃体增生症,0
边缘性龈炎,8
视网膜动脉阻塞,0
单眼双下转肌麻痹,0
虹膜新生血管,0
视网膜下纤维化和葡萄膜炎综合征,0
先天性青光眼,0
原发性慢性闭角型青光眼,--
中央晕轮状脉络膜萎缩,0
特发性黄斑部前膜,0
化脓性眼内炎,0
眼睑肿瘤,0
视盘水肿,111
周边葡萄膜炎,0
眼眶黏液囊肿,0
新生血管性青光眼,0
巨乳头性结膜炎,0
角膜软化症,0
眼外肌外伤,0
慢性卡他性结膜炎,0
屈光不正,768
伴有虹膜睫状体炎的继发性青光眼,0
脉络膜新生血管,0
春季性结膜炎,0
少年儿童葡萄膜炎,0
固定性斜视,0
眼眶血肿,0
中毒性弱视,0
雪盲,223
睑球粘连,0
微小度数斜视,0
卵黄状黄斑营养不良,--
细菌性角膜炎,0
中心性浆液性脉络膜视网膜病变,0
眼眶炎性假瘤,0
上巩膜静脉压升高所致青光眼,--
脉络膜缺血,0
晶状体膨胀所致青光眼,--
眼眶骨瘤,0
小儿视网膜母细胞瘤,0
婴儿成神经细胞瘤,0
睑板腺癌,126
葡萄膜恶性黑色素瘤,0
眶假瘤,1
脉络膜黑色素瘤,0
视神经胶质瘤,0
眼眶脂肪瘤,0
眼眶内海绵状血管瘤,0
蝶骨脑膜瘤的眼眶病变,0
眼眶神经鞘瘤,0
小儿视神经胶质瘤,--
脑桥中央髓鞘溶解症,0
委内瑞拉马脑炎,0
眼部神经纤维瘤病,0
眼眶肉瘤,0
脑面血管瘤病,0
金黄色葡萄球菌脑膜炎,0
淋巴细胞性脉络丛脑膜炎,--
垂体瘤,990
脑寄生虫病,8
希尔德病,0
雷头风,0
发烧,3275
风热头痛,0
老年人颅内压增高,0
颅内静脉窦血栓,0
脊髓小脑性共济失调,101
加利福尼亚脑炎,0
神经鞘瘤,0
西尼罗河热,0
脑动脉盗血综合征,0
阳明头痛,0
基底细胞瘤,92
流行性甲型脑炎,0
纹状体黑质变性,0
智齿冠周炎,1029
根尖周病,26
室管膜肿瘤,0
原发性阿米巴脑膜脑炎,0
高原脑水肿,17
溃疡坏死性口炎,0
唇炎,1733
延髓性麻痹,0
上颌后缩,1
舌白斑,79
锁合,26
龋齿,2303
舌甲状腺,1
口腔保健,92
拔牙,1717
经行舌麻,--
口腔粘膜病,0
颊间隙感染,55
颞下间隙感染,0
软腭癌,0
牙周萎缩,35
口腔念珠菌病,0
磨损,212
青少年牙周炎,35
锁喉痈,0
唇风,--
咽后间隙感染,0
开合,136
牙龈炎,1199
口腔扁平苔藓,575
肥大性龈炎,1
急性颌骨骨髓炎,0
膜性口炎,1
口臭,2110
急性化脓性腮腺炎,0
舌下间隙感染,1
翼下颌间隙感染,0
颞下颌关节脱位,0
颌骨癌,0
口腔溃疡,12465
牙周病,575
颞间隙感染,1
垂痈,0
口腔粘膜黑棘皮病,--
下颌下间隙感染,0
地图舌,802
遗传性乳光牙,8
烤瓷牙,1901
扁平苔癣,204
唇疱疹,303
牙髓炎,1243
泪腺混合瘤,0
口腔单纯性疱疹,0
后牙反合,1
上颌窦癌,0
复发性坏死性黏膜周围炎,0
睥翻粘睑,0
角膜葡萄肿,0
眼睑带状疱疹,0
赤丝虬脉,0
腮腺混合瘤,501
眼睑热性疱疹,0
血灌瞳神,0
风轮湿热,--
赤膜下垂,0
玻璃体疝,0
花翳自陷,0
眼睑疖肿和脓肿,0
眼眶骨膜炎,0
近视,1166
火眼,0
眼睑丹毒,0
聚星障,0
赤脉传睛,0
风牵偏视,--
混睛帐,--
中心性渗出性脉络膜视网膜炎,0
斜视,947
视瞻昏渺,0
眼丹,0
重瞳,765
白睛溢血,0
胞生痰核,0
缺血性视盘病变,0
蟹睛,0
赤脉贯布,--
视网膜色素上皮炎,0
眶蜂窝织炎,0
结膜炎,4679
风轮赤豆,0
胬肉攀睛,0
化脓性角膜炎,0
麦粒肿,5070
眼颧部褐蓝痣,0
前葡萄膜炎,0
椒疮,--
眼睑炭疽,--
视网膜中央静脉阻塞,0
潜水性内耳损伤,0
梅尼埃病,685
颞骨岩部炎,0
小耳畸形,228
鼓膜穿孔,534
中耳气压伤,0
外耳道异物,0
突发性耳聋,553
脑源性晕厥,0
出血性脑梗死,0
颅底凹陷症,0
颅骨裂和有关畸形,0
西方马型脑炎,--
异染性脑白质营养不良,0
赖氏综合征,0
腔隙性脑梗死,350
正中神经麻痹,0
Pick病和额颞痴呆,--
单纯疱疹性脑炎,0
急性化脓性乳突炎,0
脑膜炎球菌性脑膜炎,0
意志缺乏症,0
脑脓肿,186
牙髓病,104
口腔白斑病,53
双颌前突,81
深覆合,310
婴幼儿舌下囊肿,--
咬肌间隙感染,0
口咽癌,0
口糜,0
乳头状囊腺瘤,8
舌病,8
胎儿宫内窘迫,208
咽后壁憩室,0
咽鼓管异常开放症,0
咽部麻风,0
声带息肉,1106
茎突综合征,0
链球菌性咽炎,0
腮腺隙感染,--
咽部狼疮,0
咽角化症,0
急性单纯性咽炎,0
粒性白细胞缺乏性咽峡炎,0
咽部脊索瘤,0
咽部机械性创伤,0
慢性咽炎,5565
慢性单纯性咽炎,0
咽部瘢痕狭窄,0
喉痹,0
急性会厌炎,0
扁桃体周围脓肿,0
急性扁桃体炎,691
口咽部粘连,0
咽畸胎瘤,0
慢性扁桃体炎,507
咽旁间隙感染,0
慢性舌扁桃体炎,0
咽部乳头状瘤,0
咽侧壁憩室,0
急性喉炎,0
咽鼓管阻塞,0
咽部硬结病,0
咽部混合瘤,0
急性舌扁桃体炎,0
结核性溃疡,44
小儿病毒感染性口炎,0
小儿流涎症,0
小儿牙本质生长不全综合征,0
咽部结核,1
口周湿疹,0
过敏性眼睑皮肤炎,0
皮肤腺样囊性癌,0
非典型分枝杆菌性巩膜炎,0
眶下间隙感染,0
红眼病,1651
淋菌性结膜炎,0
革兰阳性球菌和革兰阴性杆菌性巩膜炎,--
绿脓杆菌性角膜溃疡,0
棘阿米巴性角膜炎,0
基质性角膜炎,0
棘阿米巴性巩膜炎,--
流行性角结膜炎,0
急性眼眶蜂窝织炎,0
铜绿假单胞菌性角膜炎,0
包涵体性结膜炎,0
眼部带状疱疹,0
单纯疱疹病毒性角膜炎,0
共同性斜视,0
粘连性中耳炎,0
噪声性耳聋,0
耳鸣,4455
化脓性耳廓软骨膜炎,0
耳畸形,0
耳硬化,0
中耳癌,125
迷路窗破裂,0
耳源性脑膜炎,0
传导性耳聋,0
慢性化脓性中耳炎,0
先天性耳聋,0
耵聍栓塞,509
蓝鼓膜与胆固醇肉芽肿,--
中毒性眩晕,0
弥漫性外耳道炎,0
外耳道炎,715
耳外伤,0
聤耳,0
结核性中耳乳突炎,1
耳疖,0
老年人垂体瘤,--
中青年脑梗死,0
失认症,0
利斯特菌脑膜炎,0
铜绿色假单胞菌脑膜炎,--
肝火眩晕,0
肠道革兰阴性杆菌脑膜炎,--
智能障碍,0
亚急性硬化性全脑炎,0
脑外伤后综合征,0
失用症,0
智力障碍,227
面神经瘤,0
头晕,2283
脉络丛乳头状瘤,0
开放性脑外伤,0
遗尿症,292
脑栓塞,373
鼾症,230
脑发育不良,140
妊娠合并偏头痛,0
风寒头痛,0
三叉神经痛,1612
柯萨奇病毒感染,0
少枝胶质细胞瘤及间变少枝胶质细胞瘤,0
苍白球黑质红核色素变性,0
小儿真菌感染性口炎,0
小儿细菌感染性口炎,0
橄榄体脑桥小脑萎缩,0
小儿小颌畸形综合征,0
马牙,953
面神经炎,781
腮腺炎,3753
小儿疳渴,0
咽旁脓肿,0
喉阻塞,0
小儿龋病,0
唇裂,300
脑膜炎,1521
咽部灼伤,0
唇部整形,163
喉部创伤,--
咽肌痉挛,131
喉气囊肿,--
舌骨骨折,0
唇腭裂,486
颞下颌关节强直,0
肉芽肿性唇炎,68
咽部异物,17
小儿癫痫发作诱发失语综合征,--
位置性眩晕,189
涎腺结核,1
喉痈,0
白血病性咽峡炎,0
寒饮咳嗽,0
舌咽神经损伤,0
慢性化脓性腮腺炎,1
儿童口吃,63
痰毒,--
小儿颅面骨畸形综合征,0
弱视,1260
药物性牙龈增生,26
乳头状囊腺癌,0
唇舌水肿及面瘫综合征,0
维生素Ａ缺乏症所致的角膜溃疡病,--
视网膜母细胞瘤,311
新生儿泪囊炎,317
小儿结膜吸吮线虫病,0
小儿疳眼,0
新生儿单纯疱疹病毒感染,0
小儿颈交感神经麻痹综合征,0
小儿锥体功能不良综合征,--
晶体脱位,0
眶底骨折,0
小儿星形细胞瘤,0
间断脉冲噪音损伤,0
视网膜脱落,1280
耳源性脑脓肿,0
急性化脓性中耳炎,0
外耳道真菌病,0
眼外伤,111
圆锥角膜,313
乙状窦血栓性静脉炎,0
库鲁病,191
神经性耳聋,600
小儿迷路水肿-耳性眩晕综合征,0
面肌痉挛,512
老年性耳聋,120
听力障碍,157
基底核钙化症,--
肺炎球菌脑膜炎,0
圣路易斯型脑炎,--
分水岭区脑梗死,0
枕大神经痛,251
脑梗死,1440
肌阵挛性小脑协调障碍,0
病毒性脑炎,751
蛛网膜下腔出血,1220
流感嗜血杆菌脑膜炎,0
流感,1303
颅内静脉血栓形成,0
头痛,3525
大脑凸面脑膜瘤,0
颞下颌关节紊乱综合征,0
烟雾病,901
东方马型脑炎,0
乳汁吸入性肺炎,0
致肠细胞病变人孤儿病毒感染,0
腺泡细胞癌,0
小儿心面综合征,--
慢性喉炎,0
涎腺囊肿,0
梅核气,930
喉喑,--
舌扁平苔藓,8
颌面部神经纤维瘤,0
涎腺的未分化癌,0
热哮,0
咽肌麻痹,0
涎腺病毒病,0
腺淋巴瘤,0
咽后脓肿,0
涎瘘,27
涎石病,78
急喉风,--
嗜酸性腺瘤,0
咽部神经鞘膜瘤,0
眶脑膜瘤,0
口腔毛滴虫病,0
颌面部淋巴管瘤,1
食管痹,0
涎腺混合瘤,0
咽囊炎,0
小儿脑膜瘤,0
角膜病,63
早产儿视网膜病变,175
小儿疱疹性角膜结膜炎,0
绿色瘤,0
搏动性眼球突出症,0
视神经萎缩,494
上睑下垂,393
沙眼衣原体肺炎,0
流行性出血性结膜炎,0
腺病毒性肺炎,0
美尼尔氏综合症,1533
视神经炎,344
压迫性视神经病变,0
视束病变,--
顿呛,--
眼球运动障碍,0
眼球震颤,387
噎膈,0
神经源性角膜炎,0
酒精性弱视,0
白内障,2460
间歇性眼球突出症,1
内分泌性眼球突出,0
眼睑皮脂腺癌,0
急性颌下腺炎,18
甲亢突眼,157
间歇性外斜视,125
远视眼,308
眶上神经痛,0
海绵窦血栓,76
前庭神经炎,0
新生儿衣原体感染,0
小儿错畸形,--
磨牙,1332
黏液纤维肉瘤,0
小汗腺血管错构瘤,0
毛母质瘤,0
缺血性视神经病变,0
言语和语言发育障碍,0
恶性蓝痣,0
先天性血管萎缩性皮肤异色症,--
股癣,1767
结节性痒疹,417
浅表性皮肤脂肪瘤痣,0
皮下脂肪肉芽肿,0
皮肤纤毛囊肿,0
溃疡性皮肤结核,0
毛发腺瘤,0
小儿高磷酸酶血症,0
新生儿中毒性红斑,0
尿布疹,775
尿布皮炎,0
肛门直肠周围脓肿,0
痒点,0
肛窦炎及肛乳头炎,--
阴囊丝虫病,0
非肾上腺素增生性假两性畸形,0
股神经卡压综合征,0
直肠癌,3087
梨状肌症候群,0
阴部神经干痛,--
新生儿肛门和直肠畸形,0
混合痔,946
内痔,1326
痔疮,14609
外痔,1224
股神经干性痛,0
肛管直肠周围脓肿,0
尾神经丛痛,0
睾丸肿瘤,215
精囊炎,875
尿道上裂,0
气疝,--
射精功能障碍,0
男性尿道癌,1
男性不育症,135
无精症,477
男假两性畸形,0
前列腺炎,8107
脱阳,180
精瘀证,0
腹股沟肉芽肿,153
脱囊,0
阴茎痰核,0
衣原体淋巴肉芽肿,0
阴囊湿疹,1568
男科外伤,--
筋痿,0
睾丸淋巴瘤,0
囊痈,0
阴茎癌,471
白淫,--
阴盛阳衰症,0
水疝,0
尿道与阴茎结核,0
精囊恶性肿瘤,0
遗精,3136
精索恶性肿瘤,0
阴茎异常勃起,0
阴汗,26
精子增多症,0
附睾炎,1254
输精管堵塞,148
脐尿管囊肿及脐尿管瘘,--
小阴茎,184
隐睾,718
尿精,0
膀胱损伤,0
早泄,6072
尿道损伤,123
老年人前列腺癌,0
包茎,1383
慢性细菌性前列腺炎,116
包皮过长,4311
嵌顿包茎,0
死精症,208
男性生殖器外伤,--
阴囊炎性癌,0
子痰,0
睾丸炎,1414
男性生殖器畸形,9
精索静脉曲张,3679
龟头炎,4595
前列腺癌,1595
阳强,0
少精子症,102
睾丸扭转,300
阴囊癌,0
前列腺增生,1009
不射精症,0
梗阻性尿路疾病,0
尿道炎,2655
克兰费尔特综合征,0
男生殖系结核,--
肝硬化男性性功能减弱综合征,0
极外侧型腰椎间盘突出症,--
老年男性性功能障碍,0
小儿骶尾部畸胎瘤,0
隐匿阴茎,0
良性前列腺增生,142
先天性肛门直肠畸形,0
臀上皮神经干痛,--
老年大便失禁,0
肛提肌综合征,0
耻骨直肠肌综合征,0
男性性早熟,0
坏疽性脓皮症,0
盆底痉挛综合症,1
男性生殖腺机能减退症,0
婴儿肉毒中毒综合征,--
坐骨神经痛,1921
脊神经根炎,0
肛门闭锁,167
高尿酸血症肾病,0
蛲虫病,295
老年褥疮,0
阴结,0
化脓性汗腺炎,0
贲门失驰症,0
